filename,split,concentration,hour,mse,original_path
100_RGB.jpg,train,croppedcontrol,2,60.626708984375,D:\gs\angiogenesis data\SN4\cropped\cropped control\2\2hr1.tif
101_RGB.jpg,train,10ug,24,71.255859375,D:\gs\angiogenesis data\SN3\cropped\10ug\2\1\24hr.tif
102_RGB.jpg,train,10ug,8,62.7734375,D:\gs\angiogenesis data\SN3\cropped\10ug\2\1\8hr.tif
103_RGB.jpg,train,10ug,4,64.838623046875,D:\gs\angiogenesis data\SN4\cropped\10 ug\1\1\4hr.tif
104_RGB.jpg,train,10ug,4,69.06103515625,D:\gs\angiogenesis data\SN2\cropped\10ug\1\1\4hr.tif
105_RGB.jpg,train,0.1ug,24,65.85205078125,D:\gs\angiogenesis data\SN3\cropped\0.1ug\2\2\24hr.tif
106_RGB.jpg,train,1ug,4,85.562255859375,D:\gs\angiogenesis data\SN2\cropped\1ug\3\2\4hr.tif
107_RGB.jpg,train,0.1ug,2,56.799560546875,D:\gs\angiogenesis data\SN2\cropped\0.1ug\2\1\New folder\2hr.tif
108_RGB.jpg,train,10ug,0,72.015869140625,D:\gs\angiogenesis data\SN2\cropped\10ug\3\1\0hr.tif
109_RGB.jpg,train,control,24,61.916015625,D:\gs\angiogenesis data\SN1\cropped\control\2\24hr.tif
10_RGB.jpg,train,1ug,0,51.832763671875,D:\gs\angiogenesis data\SN4\cropped\1ug\1\3\0hr.tif
110_RGB.jpg,train,0.1ug,24,78.484130859375,D:\gs\angiogenesis data\SN1\cropped\0.1ug\2\2\24hr.tif
111_RGB.jpg,train,1ug,8,59.134765625,D:\gs\angiogenesis data\SN4\cropped\1ug\2\1\8hr.tif
112_RGB.jpg,train,1ug,8,59.423583984375,D:\gs\angiogenesis data\SN1\cropped\1ug\2\1\8hr.tif
113_RGB.jpg,train,1ug,0,70.30126953125,D:\gs\angiogenesis data\SN4\cropped\1ug\2\2\0hr.tif
114_RGB.jpg,train,1ug,4,58.0087890625,D:\gs\angiogenesis data\SN2\cropped\1ug\3\2\4hr.tif
115_RGB.jpg,train,1ug,0,57.483642578125,D:\gs\angiogenesis data\SN4\cropped\1ug\2\2\0hr.tif
116_RGB.jpg,train,1ug,0,65.220947265625,D:\gs\angiogenesis data\SN4\cropped\1ug\2\2\0hr.tif
117_RGB.jpg,train,10ug,0,60.962158203125,D:\gs\angiogenesis data\SN2\cropped\10ug\2\2\0hr.tif
118_RGB.jpg,train,10ug,4,60.93017578125,D:\gs\angiogenesis data\SN2\cropped\10ug\2\1\4hr.tif
119_RGB.jpg,train,10ug,0,56.244384765625,D:\gs\angiogenesis data\SN3\cropped\10ug\3\2\0hr.tif
11_RGB.jpg,train,1ug,2,39.300048828125,D:\gs\angiogenesis data\SN4\cropped\1ug\2\1\2hr.tif
120_RGB.jpg,train,10ug,8,60.52587890625,D:\gs\angiogenesis data\SN2\cropped\10ug\2\1\8hr.tif
121_RGB.jpg,train,0.1ug,8,49.53515625,D:\gs\angiogenesis data\SN3\cropped\0.1ug\2\2\8hr.tif
122_RGB.jpg,train,10ug,2,76.6943359375,D:\gs\angiogenesis data\SN3\cropped\10ug\1\2\2hr.tif
123_RGB.jpg,train,1ug,2,60.329833984375,D:\gs\angiogenesis data\SN3\cropped\1ug\2\2\2hr.tif
124_RGB.jpg,train,1ug,4,62.343994140625,D:\gs\angiogenesis data\SN4\cropped\1ug\1\2\4hr.tif
125_RGB.jpg,train,10ug,4,60.902587890625,D:\gs\angiogenesis data\SN3\cropped\10ug\2\1\4hr.tif
126_RGB.jpg,train,0.1ug,4,53.439453125,D:\gs\angiogenesis data\SN3\cropped\0.1ug\2\2\4hr.tif
127_RGB.jpg,train,10ug,8,68.191162109375,D:\gs\angiogenesis data\SN2\cropped\10ug\3\1\8hr.tif
128_RGB.jpg,train,0.1ug,8,65.041015625,D:\gs\angiogenesis data\SN2\cropped\0.1ug\2\1\New folder\8hr.tif
129_RGB.jpg,train,1ug,0,63.947265625,D:\gs\angiogenesis data\SN4\cropped\1ug\2\2\0hr.tif
12_RGB.jpg,train,1ug,8,47.664306640625,D:\gs\angiogenesis data\SN4\cropped\1ug\2\1\8hr.tif
130_RGB.jpg,train,1ug,8,68.257080078125,D:\gs\angiogenesis data\SN4\cropped\1ug\1\2\8hr.tif
131_RGB.jpg,train,10ug,4,53.37890625,D:\gs\angiogenesis data\SN2\cropped\10ug\1\2\4hr.tif
132_RGB.jpg,train,0.1ug,4,69.757568359375,D:\gs\angiogenesis data\SN2\cropped\0.1ug\3\2\4hr.tif
133_RGB.jpg,train,10ug,8,61.486083984375,D:\gs\angiogenesis data\SN2\cropped\10ug\2\1\8hr.tif
134_RGB.jpg,train,0.1ug,4,63.983642578125,D:\gs\angiogenesis data\SN3\cropped\0.1ug\2\2\4hr.tif
135_RGB.jpg,train,1ug,24,60.8369140625,D:\gs\angiogenesis data\SN3\cropped\1ug\1\2\24hr.tif
136_RGB.jpg,train,0.1ug,8,54.492919921875,D:\gs\angiogenesis data\SN3\cropped\0.1ug\2\2\8hr.tif
137_RGB.jpg,train,10ug,0,68.466064453125,D:\gs\angiogenesis data\SN2\cropped\10ug\2\2\0hr.tif
138_RGB.jpg,train,1ug,0,86.634521484375,D:\gs\angiogenesis data\SN1\cropped\1ug\3\0hr.tif
139_RGB.jpg,train,10ug,0,56.58154296875,D:\gs\angiogenesis data\SN2\cropped\10ug\2\2\0hr.tif
13_RGB.jpg,train,1ug,2,59.721435546875,D:\gs\angiogenesis data\SN2\cropped\1ug\3\2\2hr.tif
140_RGB.jpg,train,10ug,2,77.2265625,D:\gs\angiogenesis data\SN2\cropped\10ug\2\2\2hr.tif
141_RGB.jpg,train,1ug,24,57.378662109375,D:\gs\angiogenesis data\SN4\cropped\1ug\1\1\24hr.tif
142_RGB.jpg,train,1ug,4,64.34228515625,D:\gs\angiogenesis data\SN4\cropped\1ug\2\2\4hr.tif
143_RGB.jpg,train,1ug,24,58.251220703125,D:\gs\angiogenesis data\SN4\cropped\1ug\2\1\24hr.tif
144_RGB.jpg,train,0.1ug,24,60.46923828125,D:\gs\angiogenesis data\SN3\cropped\0.1ug\2\2\24hr.tif
145_RGB.jpg,train,10ug,4,61.96630859375,D:\gs\angiogenesis data\SN3\cropped\10ug\3\1\4hr.tif
146_RGB.jpg,train,10ug,4,57.920166015625,D:\gs\angiogenesis data\SN3\cropped\10ug\2\2\4hr.tif
147_RGB.jpg,train,0.1ug,2,67.876708984375,D:\gs\angiogenesis data\SN2\cropped\0.1ug\2\2\2hr.tif
148_RGB.jpg,train,0.1ug,4,75.318359375,D:\gs\angiogenesis data\SN1\cropped\0.1ug\2\2\4hr.tif
149_RGB.jpg,train,0.1ug,0,67.033447265625,D:\gs\angiogenesis data\SN2\cropped\0.1ug\2\2\0hr.tif
14_RGB.jpg,train,1ug,2,47.1123046875,D:\gs\angiogenesis data\SN4\cropped\1ug\2\1\2hr.tif
150_RGB.jpg,train,10ug,0,66.341796875,D:\gs\angiogenesis data\SN1\cropped\10ug\2\1\0hr.tif
151_RGB.jpg,train,0.1ug,8,62.48095703125,D:\gs\angiogenesis data\SN3\cropped\0.1ug\2\2\8hr.tif
152_RGB.jpg,train,0.1ug,4,54.99658203125,D:\gs\angiogenesis data\SN3\cropped\0.1ug\2\2\4hr.tif
153_RGB.jpg,train,1ug,8,61.384033203125,D:\gs\angiogenesis data\SN4\cropped\1ug\2\2\8hr.tif
154_RGB.jpg,train,1ug,0,77.447021484375,D:\gs\angiogenesis data\SN4\cropped\1ug\2\2\0hr.tif
155_RGB.jpg,train,1ug,0,62.348388671875,D:\gs\angiogenesis data\SN4\cropped\1ug\2\2\0hr.tif
156_RGB.jpg,train,0.1ug,2,69.01806640625,D:\gs\angiogenesis data\SN2\cropped\0.1ug\2\2\2hr.tif
157_RGB.jpg,train,1ug,2,49.620361328125,D:\gs\angiogenesis data\SN2\cropped\1ug\3\2\2hr.tif
158_RGB.jpg,train,10ug,2,57.492919921875,D:\gs\angiogenesis data\SN2\cropped\10ug\1\1\2hr.tif
159_RGB.jpg,train,1ug,24,60.8134765625,D:\gs\angiogenesis data\SN4\cropped\1ug\2\1\24hr.tif
15_RGB.jpg,train,0.1ug,4,60.292724609375,D:\gs\angiogenesis data\SN2\cropped\0.1ug\1\2\4hr.tif
160_RGB.jpg,train,1ug,0,53.0390625,D:\gs\angiogenesis data\SN4\cropped\1ug\2\1\0hr.tif
161_RGB.jpg,train,1ug,8,61.0166015625,D:\gs\angiogenesis data\SN2\cropped\1ug\3\2\8hr.tif
162_RGB.jpg,train,1ug,4,50.70556640625,D:\gs\angiogenesis data\SN4\cropped\1ug\1\3\4hr.tif
163_RGB.jpg,train,0.1ug,0,55.462158203125,D:\gs\angiogenesis data\SN2\cropped\0.1ug\2\1\0hr.tif
164_RGB.jpg,train,0.1ug,8,56.751708984375,D:\gs\angiogenesis data\SN2\cropped\0.1ug\2\1\8hr.tif
165_RGB.jpg,train,1ug,0,53.311767578125,D:\gs\angiogenesis data\SN3\cropped\1ug\2\2\0hr.tif
166_RGB.jpg,train,1ug,24,56.5244140625,D:\gs\angiogenesis data\SN3\cropped\1ug\2\2\24hr.tif
167_RGB.jpg,train,croppedcontrol,2,61.667724609375,D:\gs\angiogenesis data\SN4\cropped\cropped control\1\2 hr.tif
168_RGB.jpg,train,1ug,4,59.51953125,D:\gs\angiogenesis data\SN2\cropped\1ug\2\1\4hr.tif
169_RGB.jpg,train,10ug,2,52.579345703125,D:\gs\angiogenesis data\SN3\cropped\10ug\2\1\2hr.tif
16_RGB.jpg,train,1ug,0,36.552978515625,D:\gs\angiogenesis data\SN4\cropped\1ug\1\3\0hr.tif
170_RGB.jpg,train,control,0,55.6337890625,D:\gs\angiogenesis data\SN2\cropped\control\1\0hr.tif
171_RGB.jpg,train,control,24,57.845703125,D:\gs\angiogenesis data\SN3\cropped\control\2\24hr.tif
172_RGB.jpg,train,10ug,4,50.780517578125,D:\gs\angiogenesis data\SN3\cropped\10ug\1\1\4hr.tif
173_RGB.jpg,train,10ug,4,55.914306640625,D:\gs\angiogenesis data\SN3\cropped\10ug\2\1\4hr.tif
174_RGB.jpg,train,1ug,24,53.42822265625,D:\gs\angiogenesis data\SN3\cropped\1ug\2\2\24hr.tif
175_RGB.jpg,train,croppedcontrol,0,60.188232421875,D:\gs\angiogenesis data\SN4\cropped\cropped control\1\0hr.tif
176_RGB.jpg,train,1ug,4,54.314453125,D:\gs\angiogenesis data\SN4\cropped\1ug\1\1\4hr.tif
177_RGB.jpg,train,10ug,4,52.48193359375,D:\gs\angiogenesis data\SN2\cropped\10ug\1\1\4hr.tif
178_RGB.jpg,train,10ug,2,59.482666015625,D:\gs\angiogenesis data\SN2\cropped\10ug\2\2\2hr.tif
179_RGB.jpg,train,1ug,4,56.958251953125,D:\gs\angiogenesis data\SN4\cropped\1ug\2\2\4hr.tif
17_RGB.jpg,train,10ug,4,59.2861328125,D:\gs\angiogenesis data\SN1\cropped\10ug\1\4hr.tif
180_RGB.jpg,train,10ug,4,54.354736328125,D:\gs\angiogenesis data\SN2\cropped\10ug\2\1\4hr.tif
181_RGB.jpg,train,10ug,4,49.75927734375,D:\gs\angiogenesis data\SN2\cropped\10ug\1\1\4hr.tif
182_RGB.jpg,train,10ug,8,61.906982421875,D:\gs\angiogenesis data\SN2\cropped\10ug\1\2\8hr.tif
183_RGB.jpg,train,1ug,0,48.2294921875,D:\gs\angiogenesis data\SN4\cropped\1ug\1\2\0hr.tif
184_RGB.jpg,train,10ug,2,55.08935546875,D:\gs\angiogenesis data\SN3\cropped\10ug\3\2\2hr.tif
185_RGB.jpg,train,1ug,4,38.33056640625,D:\gs\angiogenesis data\SN4\cropped\1ug\2\1\4hr.tif
186_RGB.jpg,train,1ug,2,54.213623046875,D:\gs\angiogenesis data\SN4\cropped\1ug\1\3\2hr.tif
187_RGB.jpg,train,1ug,0,64.832763671875,D:\gs\angiogenesis data\SN4\cropped\1ug\3\1\0hr.tif
188_RGB.jpg,train,1ug,8,62.416015625,D:\gs\angiogenesis data\SN3\cropped\1ug\2\2\8hr.tif
189_RGB.jpg,train,10ug,4,54.8369140625,D:\gs\angiogenesis data\SN2\cropped\10ug\1\1\4hr.tif
18_RGB.jpg,train,10ug,8,46.74755859375,D:\gs\angiogenesis data\SN1\cropped\10ug\1\8hr.tif
190_RGB.jpg,train,10ug,2,62.168212890625,D:\gs\angiogenesis data\SN3\cropped\10ug\2\2\2hr.tif
191_RGB.jpg,train,10ug,2,53.109375,D:\gs\angiogenesis data\SN3\cropped\10ug\2\2\2hr.tif
192_RGB.jpg,train,croppedcontrol,0,59.0029296875,D:\gs\angiogenesis data\SN4\cropped\cropped control\2\0hr1.tif
193_RGB.jpg,train,1ug,8,53.32861328125,D:\gs\angiogenesis data\SN4\cropped\1ug\1\1\8hr.tif
194_RGB.jpg,train,1ug,24,57.57373046875,D:\gs\angiogenesis data\SN3\cropped\1ug\2\2\24hr.tif
195_RGB.jpg,train,10ug,0,56.146484375,D:\gs\angiogenesis data\SN3\cropped\10ug\2\1\0hr.tif
196_RGB.jpg,train,10ug,2,53.412109375,D:\gs\angiogenesis data\SN3\cropped\10ug\2\1\2hr.tif
197_RGB.jpg,train,10ug,0,43.154296875,D:\gs\angiogenesis data\SN2\cropped\10ug\1\2\0hr.tif
198_RGB.jpg,train,10ug,2,47.54248046875,D:\gs\angiogenesis data\SN3\cropped\10ug\1\1\2hr.tif
199_RGB.jpg,train,croppedcontrol,4,47.349853515625,D:\gs\angiogenesis data\SN4\cropped\cropped control\2\4hr1.tif
19_RGB.jpg,train,1ug,8,42.739501953125,D:\gs\angiogenesis data\SN4\cropped\1ug\2\1\8hr.tif
1_RGB.jpg,train,0.1ug,2,60.77734375,D:\gs\angiogenesis data\SN2\cropped\0.1ug\2\2\2hr.tif
200_RGB.jpg,train,10ug,2,47.71142578125,D:\gs\angiogenesis data\SN3\cropped\10ug\1\1\2hr.tif
201_RGB.jpg,train,0.1ug,8,45.328857421875,D:\gs\angiogenesis data\SN3\cropped\0.1ug\2\2\8hr.tif
202_RGB.jpg,train,1ug,4,55.406982421875,D:\gs\angiogenesis data\SN3\cropped\1ug\1\1\4hr.tif
203_RGB.jpg,train,0.1ug,4,63.876708984375,D:\gs\angiogenesis data\SN2\cropped\0.1ug\3\1\4hr.tif
204_RGB.jpg,train,1ug,0,63.643310546875,D:\gs\angiogenesis data\SN4\cropped\1ug\1\3\0hr.tif
205_RGB.jpg,train,10ug,2,48.93310546875,D:\gs\angiogenesis data\SN3\cropped\10ug\2\2\2hr.tif
206_RGB.jpg,train,1ug,2,55.469482421875,D:\gs\angiogenesis data\SN4\cropped\1ug\1\2\2hr.tif
207_RGB.jpg,train,1ug,8,75.8427734375,D:\gs\angiogenesis data\SN1\cropped\1ug\2\1\8hr.tif
208_RGB.jpg,train,10ug,8,64.86669921875,D:\gs\angiogenesis data\SN1\cropped\10ug\3\1\8hr.tif
209_RGB.jpg,train,10ug,8,47.489501953125,D:\gs\angiogenesis data\SN3\cropped\10ug\1\2\8hr.tif
20_RGB.jpg,train,1ug,0,55.36376953125,D:\gs\angiogenesis data\SN1\cropped\1ug\2\1\0hr.tif
210_RGB.jpg,train,1ug,4,52.121826171875,D:\gs\angiogenesis data\SN3\cropped\1ug\1\1\4hr.tif
211_RGB.jpg,train,1ug,8,70.060791015625,D:\gs\angiogenesis data\SN1\cropped\1ug\2\1\8hr.tif
212_RGB.jpg,train,10ug,8,61.10986328125,D:\gs\angiogenesis data\SN1\cropped\10ug\3\2\8hr.tif
213_RGB.jpg,train,10ug,0,57.214599609375,D:\gs\angiogenesis data\SN1\cropped\10ug\2\2\0hr.tif
214_RGB.jpg,train,control,0,59.072021484375,D:\gs\angiogenesis data\SN1\cropped\control\1\0hr.tif
215_RGB.jpg,train,10ug,8,66.1435546875,D:\gs\angiogenesis data\SN1\cropped\10ug\3\1\8hr.tif
216_RGB.jpg,train,control,0,62.0390625,D:\gs\angiogenesis data\SN1\cropped\control\1\0hr.tif
217_RGB.jpg,train,10ug,0,59.307861328125,D:\gs\angiogenesis data\SN2\cropped\10ug\1\2\0hr.tif
218_RGB.jpg,train,1ug,0,55.293701171875,D:\gs\angiogenesis data\SN3\cropped\1ug\1\2\0hr.tif
219_RGB.jpg,train,10ug,0,54.971435546875,D:\gs\angiogenesis data\SN2\cropped\10ug\1\2\0hr.tif
21_RGB.jpg,train,0.1ug,0,63.90771484375,D:\gs\angiogenesis data\SN2\cropped\0.1ug\1\2\0hr.tif
220_RGB.jpg,train,10ug,8,68.8681640625,D:\gs\angiogenesis data\SN2\cropped\10ug\2\2\8hr.tif
221_RGB.jpg,train,control,2,55.218505859375,D:\gs\angiogenesis data\SN3\cropped\control\2\2hr.tif
222_RGB.jpg,train,control,8,67.555908203125,D:\gs\angiogenesis data\SN3\cropped\control\1\8hr.tif
223_RGB.jpg,train,10ug,4,62.960205078125,D:\gs\angiogenesis data\SN3\cropped\10ug\3\2\4hr.tif
224_RGB.jpg,train,1ug,2,58.965576171875,D:\gs\angiogenesis data\SN3\cropped\1ug\1\2\2hr.tif
225_RGB.jpg,train,control,4,60.99560546875,D:\gs\angiogenesis data\SN3\cropped\control\2\4hr.tif
226_RGB.jpg,train,1ug,4,55.1875,D:\gs\angiogenesis data\SN3\cropped\1ug\1\2\4hr.tif
227_RGB.jpg,train,10ug,24,66.974365234375,D:\gs\angiogenesis data\SN1\cropped\10ug\2\1\24hr.tif
228_RGB.jpg,train,0.1ug,2,57.8427734375,D:\gs\angiogenesis data\SN2\cropped\0.1ug\2\2\2hr.tif
229_RGB.jpg,train,0.1ug,0,68.9287109375,D:\gs\angiogenesis data\SN2\cropped\0.1ug\2\1\New folder\0hr.tif
22_RGB.jpg,train,10ug,8,71.173095703125,D:\gs\angiogenesis data\SN1\cropped\10ug\3\2\8hr.tif
230_RGB.jpg,train,0.1ug,2,73.146728515625,D:\gs\angiogenesis data\SN2\cropped\0.1ug\2\1\New folder\2hr.tif
231_RGB.jpg,train,1ug,8,62.6826171875,D:\gs\angiogenesis data\SN1\cropped\1ug\2\1\8hr.tif
232_RGB.jpg,train,0.1ug,8,72.2080078125,D:\gs\angiogenesis data\SN1\cropped\0.1ug\1\2\8hr.tif
233_RGB.jpg,train,0.1ug,0,71.13427734375,D:\gs\angiogenesis data\SN2\cropped\0.1ug\2\2\0hr.tif
234_RGB.jpg,train,1ug,0,53.855712890625,D:\gs\angiogenesis data\SN4\cropped\1ug\1\3\0hr.tif
235_RGB.jpg,train,10ug,8,61.444091796875,D:\gs\angiogenesis data\SN1\cropped\10ug\1\8hr.tif
236_RGB.jpg,train,1ug,2,50.756103515625,D:\gs\angiogenesis data\SN4\cropped\1ug\2\1\2hr.tif
237_RGB.jpg,train,1ug,4,50.192626953125,D:\gs\angiogenesis data\SN2\cropped\1ug\3\2\4hr.tif
238_RGB.jpg,train,0.1ug,2,58.49560546875,D:\gs\angiogenesis data\SN2\cropped\0.1ug\2\1\2hr.tif
239_RGB.jpg,train,0.1ug,24,59.719970703125,D:\gs\angiogenesis data\SN1\cropped\0.1ug\2\2\24hr.tif
23_RGB.jpg,train,10ug,8,56.303955078125,D:\gs\angiogenesis data\SN1\cropped\10ug\3\1\8hr.tif
240_RGB.jpg,train,0.1ug,2,59.535888671875,D:\gs\angiogenesis data\SN2\cropped\0.1ug\2\2\2hr.tif
241_RGB.jpg,train,0.1ug,2,64.515625,D:\gs\angiogenesis data\SN2\cropped\0.1ug\2\1\New folder\2hr.tif
242_RGB.jpg,train,1ug,0,66.420166015625,D:\gs\angiogenesis data\SN4\cropped\1ug\1\3\0hr.tif
243_RGB.jpg,train,1ug,4,64.112548828125,D:\gs\angiogenesis data\SN1\cropped\1ug\2\1\4hr.tif
244_RGB.jpg,train,0.1ug,24,72.9052734375,D:\gs\angiogenesis data\SN1\cropped\0.1ug\2\2\24hr.tif
245_RGB.jpg,train,10ug,8,56.537109375,D:\gs\angiogenesis data\SN1\cropped\10ug\1\8hr.tif
246_RGB.jpg,train,1ug,8,50.735107421875,D:\gs\angiogenesis data\SN4\cropped\1ug\2\1\8hr.tif
247_RGB.jpg,train,1ug,24,57.949951171875,D:\gs\angiogenesis data\SN4\cropped\1ug\2\1\24hr.tif
248_RGB.jpg,train,10ug,0,57.027099609375,D:\gs\angiogenesis data\SN2\cropped\10ug\1\2\0hr.tif
249_RGB.jpg,train,10ug,2,54.78662109375,D:\gs\angiogenesis data\SN3\cropped\10ug\1\1\2hr.tif
24_RGB.jpg,train,1ug,2,50.36279296875,D:\gs\angiogenesis data\SN4\cropped\1ug\2\1\2hr.tif
250_RGB.jpg,train,10ug,4,57.94677734375,D:\gs\angiogenesis data\SN3\cropped\10ug\3\2\4hr.tif
251_RGB.jpg,train,10ug,2,53.26171875,D:\gs\angiogenesis data\SN3\cropped\10ug\1\2\2hr.tif
252_RGB.jpg,train,1ug,8,59.501708984375,D:\gs\angiogenesis data\SN4\cropped\1ug\1\1\8hr.tif
253_RGB.jpg,train,10ug,2,47.914306640625,D:\gs\angiogenesis data\SN2\cropped\10ug\2\2\2hr.tif
254_RGB.jpg,train,10ug,0,49.029541015625,D:\gs\angiogenesis data\SN2\cropped\10ug\1\2\0hr.tif
255_RGB.jpg,train,10ug,4,55.295654296875,D:\gs\angiogenesis data\SN3\cropped\10ug\1\1\4hr.tif
256_RGB.jpg,train,10ug,4,65.652099609375,D:\gs\angiogenesis data\SN2\cropped\10ug\2\1\4hr.tif
257_RGB.jpg,train,control,0,68.96728515625,D:\gs\angiogenesis data\SN3\cropped\control\2\0hr.tif
258_RGB.jpg,train,10ug,2,56.265625,D:\gs\angiogenesis data\SN3\cropped\10ug\1\1\2hr.tif
259_RGB.jpg,train,1ug,4,53.338623046875,D:\gs\angiogenesis data\SN4\cropped\1ug\1\3\4hr.tif
25_RGB.jpg,train,1ug,0,55.048095703125,D:\gs\angiogenesis data\SN4\cropped\1ug\2\1\0hr.tif
260_RGB.jpg,train,1ug,2,52.76708984375,D:\gs\angiogenesis data\SN2\cropped\1ug\1\2\2hr.tif
261_RGB.jpg,train,1ug,4,48.4892578125,D:\gs\angiogenesis data\SN4\cropped\1ug\1\1\4hr.tif
262_RGB.jpg,train,control,4,71.16015625,D:\gs\angiogenesis data\SN3\cropped\control\2\4hr.tif
263_RGB.jpg,train,10ug,8,56.804931640625,D:\gs\angiogenesis data\SN1\cropped\10ug\1\8hr.tif
264_RGB.jpg,train,0.1ug,2,61.99072265625,D:\gs\angiogenesis data\SN2\cropped\0.1ug\2\1\New folder\2hr.tif
265_RGB.jpg,train,10ug,8,69.572021484375,D:\gs\angiogenesis data\SN1\cropped\10ug\1\8hr.tif
266_RGB.jpg,train,1ug,0,57.242431640625,D:\gs\angiogenesis data\SN4\cropped\1ug\1\3\0hr.tif
267_RGB.jpg,train,1ug,0,62.6533203125,D:\gs\angiogenesis data\SN4\cropped\1ug\2\1\0hr.tif
268_RGB.jpg,train,1ug,8,66.237548828125,D:\gs\angiogenesis data\SN4\cropped\1ug\3\2\8hr.tif
269_RGB.jpg,train,10ug,8,59.441650390625,D:\gs\angiogenesis data\SN1\cropped\10ug\1\8hr.tif
26_RGB.jpg,train,1ug,8,65.742431640625,D:\gs\angiogenesis data\SN1\cropped\1ug\2\1\8hr.tif
270_RGB.jpg,train,1ug,24,55.28955078125,D:\gs\angiogenesis data\SN4\cropped\1ug\2\1\24hr.tif
271_RGB.jpg,train,1ug,0,59.288330078125,D:\gs\angiogenesis data\SN3\cropped\1ug\1\2\0hr.tif
272_RGB.jpg,train,1ug,0,65.6201171875,D:\gs\angiogenesis data\SN4\cropped\1ug\1\1\0hr.tif
273_RGB.jpg,train,1ug,4,51.196044921875,D:\gs\angiogenesis data\SN4\cropped\1ug\1\3\4hr.tif
274_RGB.jpg,train,10ug,2,67.25439453125,D:\gs\angiogenesis data\SN3\cropped\10ug\1\1\2hr.tif
275_RGB.jpg,train,1ug,4,66.532958984375,D:\gs\angiogenesis data\SN4\cropped\1ug\2\1\4hr.tif
276_RGB.jpg,train,1ug,8,60.995849609375,D:\gs\angiogenesis data\SN4\cropped\1ug\2\1\8hr.tif
277_RGB.jpg,train,0.1ug,24,64.069580078125,D:\gs\angiogenesis data\SN1\cropped\0.1ug\2\2\24hr.tif
278_RGB.jpg,train,1ug,2,61.13818359375,D:\gs\angiogenesis data\SN2\cropped\1ug\3\2\2hr.tif
279_RGB.jpg,train,1ug,4,52.171875,D:\gs\angiogenesis data\SN2\cropped\1ug\3\2\4hr.tif
27_RGB.jpg,train,10ug,8,76.278564453125,D:\gs\angiogenesis data\SN2\cropped\10ug\3\1\8hr.tif
280_RGB.jpg,train,0.1ug,8,67.495849609375,D:\gs\angiogenesis data\SN2\cropped\0.1ug\2\2\8hr.tif
281_RGB.jpg,train,0.1ug,8,72.43212890625,D:\gs\angiogenesis data\SN2\cropped\0.1ug\2\2\8hr.tif
282_RGB.jpg,train,0.1ug,24,55.74951171875,D:\gs\angiogenesis data\SN3\cropped\0.1ug\2\2\24hr.tif
283_RGB.jpg,train,0.1ug,2,60.434326171875,D:\gs\angiogenesis data\SN2\cropped\0.1ug\2\2\2hr.tif
284_RGB.jpg,train,1ug,8,66.622314453125,D:\gs\angiogenesis data\SN4\cropped\1ug\2\1\8hr.tif
285_RGB.jpg,train,1ug,24,52.223876953125,D:\gs\angiogenesis data\SN4\cropped\1ug\2\1\24hr.tif
286_RGB.jpg,train,1ug,24,57.562744140625,D:\gs\angiogenesis data\SN4\cropped\1ug\2\1\24hr.tif
287_RGB.jpg,train,10ug,24,58.968505859375,D:\gs\angiogenesis data\SN3\cropped\10ug\1\2\24hr.tif
288_RGB.jpg,train,10ug,0,58.052734375,D:\gs\angiogenesis data\SN2\cropped\10ug\1\2\0hr.tif
289_RGB.jpg,train,1ug,4,61.78173828125,D:\gs\angiogenesis data\SN2\cropped\1ug\1\2\4hr.tif
28_RGB.jpg,train,10ug,4,61.89404296875,D:\gs\angiogenesis data\SN3\cropped\10ug\1\1\4hr.tif
290_RGB.jpg,train,0.1ug,24,61.7578125,D:\gs\angiogenesis data\SN3\cropped\0.1ug\2\2\24hr.tif
291_RGB.jpg,train,1ug,8,57.17724609375,D:\gs\angiogenesis data\SN4\cropped\1ug\1\3\8hr.tif
292_RGB.jpg,train,10ug,2,56.426513671875,D:\gs\angiogenesis data\SN2\cropped\10ug\1\2\2hr.tif
293_RGB.jpg,train,10ug,2,56.01416015625,D:\gs\angiogenesis data\SN2\cropped\10ug\1\2\2hr.tif
294_RGB.jpg,train,10ug,8,53.692138671875,D:\gs\angiogenesis data\SN1\cropped\10ug\2\1\8hr.tif
295_RGB.jpg,train,0.1ug,0,72.59033203125,D:\gs\angiogenesis data\SN1\cropped\0.1ug\2\2\0hr.tif
296_RGB.jpg,train,0.1ug,4,65.91162109375,D:\gs\angiogenesis data\SN3\cropped\0.1ug\3\1\4hr.tif
297_RGB.jpg,train,0.1ug,24,57.362060546875,D:\gs\angiogenesis data\SN1\cropped\0.1ug\3\1\24hr.tif
298_RGB.jpg,train,0.1ug,2,69.614501953125,D:\gs\angiogenesis data\SN2\cropped\0.1ug\2\1\New folder\2hr.tif
299_RGB.jpg,train,1ug,2,63.66650390625,D:\gs\angiogenesis data\SN2\cropped\1ug\3\2\2hr.tif
29_RGB.jpg,train,control,0,69.148681640625,D:\gs\angiogenesis data\SN3\cropped\control\1\0hr.tif
2_RGB.jpg,train,10ug,4,51.585205078125,D:\gs\angiogenesis data\SN1\cropped\10ug\1\4hr.tif
300_RGB.jpg,train,1ug,4,59.24951171875,D:\gs\angiogenesis data\SN2\cropped\1ug\3\2\4hr.tif
301_RGB.jpg,train,0.1ug,4,63.9638671875,D:\gs\angiogenesis data\SN2\cropped\0.1ug\2\1\New folder\4hr.tif
302_RGB.jpg,train,10ug,2,47.70849609375,D:\gs\angiogenesis data\SN2\cropped\10ug\1\2\2hr.tif
303_RGB.jpg,train,10ug,0,54.542236328125,D:\gs\angiogenesis data\SN4\cropped\10 ug\1\1\0hr.tif
304_RGB.jpg,train,1ug,4,57.1220703125,D:\gs\angiogenesis data\SN2\cropped\1ug\3\2\4hr.tif
305_RGB.jpg,train,10ug,2,56.428955078125,D:\gs\angiogenesis data\SN2\cropped\10ug\2\1\2hr.tif
306_RGB.jpg,train,10ug,24,67.58935546875,D:\gs\angiogenesis data\SN3\cropped\10ug\1\2\24hr.tif
307_RGB.jpg,train,0.1ug,4,58.811279296875,D:\gs\angiogenesis data\SN2\cropped\0.1ug\2\1\New folder\4hr.tif
308_RGB.jpg,train,1ug,24,55.005126953125,D:\gs\angiogenesis data\SN4\cropped\1ug\2\1\24hr.tif
309_RGB.jpg,train,1ug,2,55.37841796875,D:\gs\angiogenesis data\SN2\cropped\1ug\3\2\2hr.tif
30_RGB.jpg,train,1ug,4,68.27001953125,D:\gs\angiogenesis data\SN4\cropped\1ug\2\1\4hr.tif
310_RGB.jpg,train,10ug,2,68.998291015625,D:\gs\angiogenesis data\SN3\cropped\10ug\2\2\2hr.tif
311_RGB.jpg,train,1ug,8,55.08740234375,D:\gs\angiogenesis data\SN4\cropped\1ug\1\3\8hr.tif
312_RGB.jpg,train,1ug,32,54.671875,D:\gs\angiogenesis data\SN2\cropped\1ug\2\2\32hr.tif
313_RGB.jpg,train,0.1ug,8,62.119140625,D:\gs\angiogenesis data\SN3\cropped\0.1ug\3\1\8hr.tif
314_RGB.jpg,train,0.1ug,8,65.06884765625,D:\gs\angiogenesis data\SN3\cropped\0.1ug\3\1\8hr.tif
315_RGB.jpg,train,1ug,2,62.707275390625,D:\gs\angiogenesis data\SN3\cropped\1ug\2\2\2hr.tif
316_RGB.jpg,train,croppedcontrol,0,47.2802734375,D:\gs\angiogenesis data\SN4\cropped\cropped control\1\0hr.tif
317_RGB.jpg,train,10ug,4,57.3984375,D:\gs\angiogenesis data\SN3\cropped\10ug\1\2\4hr.tif
318_RGB.jpg,train,10ug,8,62.730224609375,D:\gs\angiogenesis data\SN2\cropped\10ug\2\2\8hr.tif
319_RGB.jpg,train,1ug,32,66.930908203125,D:\gs\angiogenesis data\SN2\cropped\1ug\3\1\32hr.tif
31_RGB.jpg,train,10ug,8,78.9072265625,D:\gs\angiogenesis data\SN1\cropped\10ug\3\2\8hr.tif
320_RGB.jpg,train,1ug,4,62.6962890625,D:\gs\angiogenesis data\SN3\cropped\1ug\2\2\4hr.tif
321_RGB.jpg,train,0.1ug,8,62.76416015625,D:\gs\angiogenesis data\SN3\cropped\0.1ug\3\1\8hr.tif
322_RGB.jpg,train,10ug,4,53.076416015625,D:\gs\angiogenesis data\SN3\cropped\10ug\2\2\4hr.tif
323_RGB.jpg,train,1ug,8,52.921142578125,D:\gs\angiogenesis data\SN3\cropped\1ug\2\2\8hr.tif
324_RGB.jpg,train,1ug,8,80.68310546875,D:\gs\angiogenesis data\SN3\cropped\1ug\2\0\8hr.tif
325_RGB.jpg,train,croppedcontrol,0,45.61279296875,D:\gs\angiogenesis data\SN4\cropped\cropped control\1\0hr.tif
326_RGB.jpg,train,10ug,4,60.441650390625,D:\gs\angiogenesis data\SN3\cropped\10ug\1\2\4hr.tif
327_RGB.jpg,train,10ug,4,54.30810546875,D:\gs\angiogenesis data\SN3\cropped\10ug\2\1\4hr.tif
328_RGB.jpg,train,0.1ug,24,65.787841796875,D:\gs\angiogenesis data\SN3\cropped\0.1ug\3\1\24hr.tif
329_RGB.jpg,train,10ug,4,49.09619140625,D:\gs\angiogenesis data\SN3\cropped\10ug\3\2\4hr.tif
32_RGB.jpg,train,1ug,2,55.5771484375,D:\gs\angiogenesis data\SN4\cropped\1ug\1\3\2hr.tif
330_RGB.jpg,train,0.1ug,8,56.812744140625,D:\gs\angiogenesis data\SN3\cropped\0.1ug\2\2\8hr.tif
331_RGB.jpg,train,0.1ug,4,60.1279296875,D:\gs\angiogenesis data\SN3\cropped\0.1ug\2\2\4hr.tif
332_RGB.jpg,train,1ug,0,59.52587890625,D:\gs\angiogenesis data\SN3\cropped\1ug\2\2\0hr.tif
333_RGB.jpg,train,0.1ug,4,68.504150390625,D:\gs\angiogenesis data\SN3\cropped\0.1ug\2\2\4hr.tif
334_RGB.jpg,train,0.1ug,24,54.064697265625,D:\gs\angiogenesis data\SN3\cropped\0.1ug\3\1\24hr.tif
335_RGB.jpg,train,1ug,8,63.737548828125,D:\gs\angiogenesis data\SN3\cropped\1ug\2\2\8hr.tif
336_RGB.jpg,train,1ug,8,57.324951171875,D:\gs\angiogenesis data\SN3\cropped\1ug\2\2\8hr.tif
337_RGB.jpg,train,1ug,8,57.9599609375,D:\gs\angiogenesis data\SN3\cropped\1ug\2\2\8hr.tif
338_RGB.jpg,train,1ug,4,61.432861328125,D:\gs\angiogenesis data\SN3\cropped\1ug\2\2\4hr.tif
339_RGB.jpg,train,10ug,2,46.03955078125,D:\gs\angiogenesis data\SN3\cropped\10ug\2\1\2hr.tif
33_RGB.jpg,train,1ug,2,67.076904296875,D:\gs\angiogenesis data\SN4\cropped\1ug\1\3\2hr.tif
340_RGB.jpg,train,0.1ug,2,56.775146484375,D:\gs\angiogenesis data\SN3\cropped\0.1ug\2\2\2hr.tif
341_RGB.jpg,train,10ug,24,55.9775390625,D:\gs\angiogenesis data\SN3\cropped\10ug\1\2\24hr.tif
342_RGB.jpg,train,10ug,4,53.94091796875,D:\gs\angiogenesis data\SN2\cropped\10ug\1\2\4hr.tif
343_RGB.jpg,train,0.1ug,4,53.375732421875,D:\gs\angiogenesis data\SN3\cropped\0.1ug\2\2\4hr.tif
344_RGB.jpg,train,10ug,8,60.70654296875,D:\gs\angiogenesis data\SN3\cropped\10ug\2\1\8hr.tif
345_RGB.jpg,train,croppedcontrol,4,48.64453125,D:\gs\angiogenesis data\SN4\cropped\cropped control\1\4 hr.tif
346_RGB.jpg,train,10ug,4,56.799560546875,D:\gs\angiogenesis data\SN3\cropped\10ug\3\2\4hr.tif
347_RGB.jpg,train,10ug,0,53.50634765625,D:\gs\angiogenesis data\SN3\cropped\10ug\2\1\0hr.tif
348_RGB.jpg,train,0.1ug,4,65.922119140625,D:\gs\angiogenesis data\SN3\cropped\0.1ug\2\2\4hr.tif
349_RGB.jpg,train,0.1ug,8,50.91943359375,D:\gs\angiogenesis data\SN3\cropped\0.1ug\2\2\8hr.tif
34_RGB.jpg,train,1ug,0,68.741943359375,D:\gs\angiogenesis data\SN4\cropped\1ug\1\3\0hr.tif
350_RGB.jpg,train,10ug,24,58.924072265625,D:\gs\angiogenesis data\SN3\cropped\10ug\1\2\24hr.tif
351_RGB.jpg,train,control,0,44.982666015625,D:\gs\angiogenesis data\SN1\cropped\control\2\0hr.tif
352_RGB.jpg,train,1ug,2,45.698974609375,D:\gs\angiogenesis data\SN1\cropped\1ug\2\1\2hr.tif
353_RGB.jpg,train,0.1ug,2,57.67431640625,D:\gs\angiogenesis data\SN3\cropped\0.1ug\3\1\2hr.tif
354_RGB.jpg,train,10ug,2,48.479248046875,D:\gs\angiogenesis data\SN2\cropped\10ug\1\1\2hr.tif
355_RGB.jpg,train,0.1ug,4,59.28955078125,D:\gs\angiogenesis data\SN2\cropped\0.1ug\2\1\New folder\4hr.tif
356_RGB.jpg,train,10ug,8,46.410888671875,D:\gs\angiogenesis data\SN1\cropped\10ug\1\8hr.tif
357_RGB.jpg,train,1ug,2,52.908935546875,D:\gs\angiogenesis data\SN2\cropped\1ug\1\2\2hr.tif
358_RGB.jpg,train,1ug,0,38.1416015625,D:\gs\angiogenesis data\SN4\cropped\1ug\2\1\0hr.tif
359_RGB.jpg,train,10ug,8,45.26806640625,D:\gs\angiogenesis data\SN2\cropped\10ug\3\1\8hr.tif
35_RGB.jpg,train,10ug,8,80.85595703125,D:\gs\angiogenesis data\SN1\cropped\10ug\3\2\8hr.tif
360_RGB.jpg,train,10ug,8,44.219482421875,D:\gs\angiogenesis data\SN1\cropped\10ug\1\8hr.tif
361_RGB.jpg,train,0.1ug,4,66.968505859375,D:\gs\angiogenesis data\SN2\cropped\0.1ug\2\1\New folder\4hr.tif
362_RGB.jpg,train,control,24,59.236328125,D:\gs\angiogenesis data\SN1\cropped\control\2\24hr.tif
363_RGB.jpg,train,1ug,24,61.360107421875,D:\gs\angiogenesis data\SN4\cropped\1ug\2\1\24hr.tif
364_RGB.jpg,train,0.1ug,2,56.455322265625,D:\gs\angiogenesis data\SN2\cropped\0.1ug\2\2\2hr.tif
365_RGB.jpg,train,10ug,2,66.36962890625,D:\gs\angiogenesis data\SN2\cropped\10ug\1\2\2hr.tif
366_RGB.jpg,train,0.1ug,24,52.67529296875,D:\gs\angiogenesis data\SN3\cropped\0.1ug\2\2\24hr.tif
367_RGB.jpg,train,10ug,0,58.494384765625,D:\gs\angiogenesis data\SN3\cropped\10ug\3\2\0hr.tif
368_RGB.jpg,train,1ug,0,50.600830078125,D:\gs\angiogenesis data\SN4\cropped\1ug\2\2\0hr.tif
369_RGB.jpg,train,1ug,0,59.43408203125,D:\gs\angiogenesis data\SN1\cropped\1ug\2\1\0hr.tif
36_RGB.jpg,train,1ug,2,56.67822265625,D:\gs\angiogenesis data\SN4\cropped\1ug\1\3\2hr.tif
370_RGB.jpg,train,10ug,2,61.115966796875,D:\gs\angiogenesis data\SN2\cropped\10ug\1\2\2hr.tif
371_RGB.jpg,train,1ug,0,70.015625,D:\gs\angiogenesis data\SN4\cropped\1ug\2\2\0hr.tif
372_RGB.jpg,train,1ug,0,62.373046875,D:\gs\angiogenesis data\SN4\cropped\1ug\2\1\0hr.tif
373_RGB.jpg,train,10ug,0,61.525390625,D:\gs\angiogenesis data\SN2\cropped\10ug\1\2\0hr.tif
374_RGB.jpg,train,10ug,4,67.663818359375,D:\gs\angiogenesis data\SN2\cropped\10ug\1\1\4hr.tif
375_RGB.jpg,train,1ug,0,55.303955078125,D:\gs\angiogenesis data\SN4\cropped\1ug\1\3\0hr.tif
376_RGB.jpg,train,1ug,0,54.886962890625,D:\gs\angiogenesis data\SN4\cropped\1ug\1\3\0hr.tif
377_RGB.jpg,train,croppedcontrol,8,60.256103515625,D:\gs\angiogenesis data\SN4\cropped\cropped control\1\8 hr.tif
378_RGB.jpg,train,1ug,0,54.206787109375,D:\gs\angiogenesis data\SN4\cropped\1ug\2\1\0hr.tif
379_RGB.jpg,train,10ug,2,57.611572265625,D:\gs\angiogenesis data\SN3\cropped\10ug\1\1\2hr.tif
37_RGB.jpg,train,1ug,0,61.7568359375,D:\gs\angiogenesis data\SN2\cropped\1ug\2\2\0hr.tif
380_RGB.jpg,train,control,24,64.42333984375,D:\gs\angiogenesis data\SN1\cropped\control\2\24hr.tif
381_RGB.jpg,train,1ug,0,58.0224609375,D:\gs\angiogenesis data\SN1\cropped\1ug\2\1\0hr.tif
382_RGB.jpg,train,10ug,0,64.037109375,D:\gs\angiogenesis data\SN2\cropped\10ug\1\2\0hr.tif
383_RGB.jpg,train,1ug,0,43.67138671875,D:\gs\angiogenesis data\SN4\cropped\1ug\2\1\0hr.tif
384_RGB.jpg,train,1ug,4,52.60595703125,D:\gs\angiogenesis data\SN2\cropped\1ug\3\2\4hr.tif
385_RGB.jpg,train,1ug,4,52.683837890625,D:\gs\angiogenesis data\SN2\cropped\1ug\3\2\4hr.tif
386_RGB.jpg,train,10ug,0,70.18212890625,D:\gs\angiogenesis data\SN1\cropped\10ug\2\1\0hr.tif
387_RGB.jpg,train,10ug,24,66.326904296875,D:\gs\angiogenesis data\SN1\cropped\10ug\2\1\24hr.tif
388_RGB.jpg,train,0.1ug,2,67.065673828125,D:\gs\angiogenesis data\SN2\cropped\0.1ug\2\2\2hr.tif
389_RGB.jpg,train,1ug,4,55.79541015625,D:\gs\angiogenesis data\SN2\cropped\1ug\3\2\4hr.tif
38_RGB.jpg,train,1ug,8,67.46240234375,D:\gs\angiogenesis data\SN4\cropped\1ug\2\1\8hr.tif
390_RGB.jpg,train,0.1ug,4,61.471435546875,D:\gs\angiogenesis data\SN2\cropped\0.1ug\2\1\New folder\4hr.tif
391_RGB.jpg,train,1ug,0,65.598876953125,D:\gs\angiogenesis data\SN4\cropped\1ug\3\2\0hr.tif
392_RGB.jpg,train,0.1ug,24,54.899169921875,D:\gs\angiogenesis data\SN3\cropped\0.1ug\2\2\24hr.tif
393_RGB.jpg,train,10ug,8,63.486083984375,D:\gs\angiogenesis data\SN4\cropped\10 ug\1\2\8hr.tif
394_RGB.jpg,train,1ug,0,42.619873046875,D:\gs\angiogenesis data\SN4\cropped\1ug\2\2\0hr.tif
395_RGB.jpg,train,1ug,0,59.19189453125,D:\gs\angiogenesis data\SN2\cropped\1ug\3\2\0h.tif
396_RGB.jpg,train,10ug,24,64.68359375,D:\gs\angiogenesis data\SN1\cropped\10ug\2\2\24hr.tif
397_RGB.jpg,train,0.1ug,0,54.324951171875,D:\gs\angiogenesis data\SN2\cropped\0.1ug\2\2\0hr.tif
398_RGB.jpg,train,1ug,4,57.90380859375,D:\gs\angiogenesis data\SN2\cropped\1ug\3\2\4hr.tif
399_RGB.jpg,train,0.1ug,2,61.843505859375,D:\gs\angiogenesis data\SN2\cropped\0.1ug\2\2\2hr.tif
39_RGB.jpg,train,10ug,8,82.705322265625,D:\gs\angiogenesis data\SN1\cropped\10ug\3\2\8hr.tif
3_RGB.jpg,train,1ug,24,53.6484375,D:\gs\angiogenesis data\SN4\cropped\1ug\2\1\24hr.tif
400_RGB.jpg,train,1ug,8,55.276611328125,D:\gs\angiogenesis data\SN4\cropped\1ug\3\2\8hr.tif
401_RGB.jpg,train,0.1ug,24,69.699462890625,D:\gs\angiogenesis data\SN1\cropped\0.1ug\3\2\24hr.tif
402_RGB.jpg,train,0.1ug,2,67.36376953125,D:\gs\angiogenesis data\SN2\cropped\0.1ug\2\2\2hr.tif
403_RGB.jpg,train,1ug,2,67.205810546875,D:\gs\angiogenesis data\SN3\cropped\1ug\3\2\2hr.tif
404_RGB.jpg,train,1ug,0,61.05517578125,D:\gs\angiogenesis data\SN4\cropped\1ug\2\2\0hr.tif
405_RGB.jpg,train,10ug,2,68.9638671875,D:\gs\angiogenesis data\SN3\cropped\10ug\1\1\2hr.tif
406_RGB.jpg,train,10ug,0,63.653564453125,D:\gs\angiogenesis data\SN2\cropped\10ug\2\1\0hr was dead at 32 infacted.tif
407_RGB.jpg,train,1ug,4,63.297119140625,D:\gs\angiogenesis data\SN2\cropped\1ug\3\2\4hr.tif
408_RGB.jpg,train,1ug,2,63.64794921875,D:\gs\angiogenesis data\SN2\cropped\1ug\3\2\2hr.tif
409_RGB.jpg,train,10ug,8,62.621337890625,D:\gs\angiogenesis data\SN1\cropped\10ug\1\8hr.tif
40_RGB.jpg,train,1ug,2,55.02880859375,D:\gs\angiogenesis data\SN3\cropped\1ug\3\2\2hr.tif
410_RGB.jpg,train,10ug,0,71.505859375,D:\gs\angiogenesis data\SN2\cropped\10ug\1\1\0hr.tif
411_RGB.jpg,train,1ug,8,54.400634765625,D:\gs\angiogenesis data\SN1\cropped\1ug\2\1\8hr.tif
412_RGB.jpg,train,1ug,0,65.33935546875,D:\gs\angiogenesis data\SN1\cropped\1ug\2\1\0hr.tif
413_RGB.jpg,train,1ug,0,50.3759765625,D:\gs\angiogenesis data\SN4\cropped\1ug\1\3\0hr.tif
414_RGB.jpg,train,1ug,0,63.8037109375,D:\gs\angiogenesis data\SN1\cropped\1ug\2\1\0hr.tif
415_RGB.jpg,train,1ug,8,49.25634765625,D:\gs\angiogenesis data\SN4\cropped\1ug\2\1\8hr.tif
416_RGB.jpg,train,1ug,24,60.2880859375,D:\gs\angiogenesis data\SN4\cropped\1ug\1\1\24hr.tif
417_RGB.jpg,train,1ug,8,53.426513671875,D:\gs\angiogenesis data\SN4\cropped\1ug\2\1\8hr.tif
418_RGB.jpg,train,1ug,0,60.65625,D:\gs\angiogenesis data\SN4\cropped\1ug\2\1\0hr.tif
419_RGB.jpg,train,1ug,0,56.3818359375,D:\gs\angiogenesis data\SN1\cropped\1ug\2\1\0hr.tif
41_RGB.jpg,train,1ug,0,55.316650390625,D:\gs\angiogenesis data\SN3\cropped\1ug\3\2\0hr.tif
420_RGB.jpg,train,1ug,0,60.26416015625,D:\gs\angiogenesis data\SN4\cropped\1ug\1\3\0hr.tif
421_RGB.jpg,train,10ug,4,48.35302734375,D:\gs\angiogenesis data\SN1\cropped\10ug\1\4hr.tif
422_RGB.jpg,train,1ug,2,57.968017578125,D:\gs\angiogenesis data\SN4\cropped\1ug\2\1\2hr.tif
423_RGB.jpg,train,1ug,0,49.591552734375,D:\gs\angiogenesis data\SN4\cropped\1ug\2\1\0hr.tif
424_RGB.jpg,train,0.1ug,0,67.01416015625,D:\gs\angiogenesis data\SN2\cropped\0.1ug\2\1\0hr.tif
425_RGB.jpg,train,1ug,0,55.41015625,D:\gs\angiogenesis data\SN2\cropped\1ug\2\2\0hr.tif
426_RGB.jpg,train,1ug,2,70.77001953125,D:\gs\angiogenesis data\SN2\cropped\1ug\2\1\2hr.tif
427_RGB.jpg,train,10ug,0,56.80322265625,D:\gs\angiogenesis data\SN2\cropped\10ug\1\1\0hr.tif
428_RGB.jpg,train,1ug,24,63.53466796875,D:\gs\angiogenesis data\SN4\cropped\1ug\1\1\24hr.tif
429_RGB.jpg,train,1ug,0,46.832763671875,D:\gs\angiogenesis data\SN4\cropped\1ug\2\1\0hr.tif
42_RGB.jpg,train,10ug,2,60.369873046875,D:\gs\angiogenesis data\SN2\cropped\10ug\1\1\2hr.tif
430_RGB.jpg,train,1ug,2,61.7705078125,D:\gs\angiogenesis data\SN4\cropped\1ug\1\3\2hr.tif
431_RGB.jpg,train,10ug,8,70.203125,D:\gs\angiogenesis data\SN1\cropped\10ug\1\8hr.tif
432_RGB.jpg,train,1ug,0,52.568603515625,D:\gs\angiogenesis data\SN4\cropped\1ug\2\1\0hr.tif
433_RGB.jpg,train,0.1ug,0,71.57421875,D:\gs\angiogenesis data\SN2\cropped\0.1ug\2\2\0hr.tif
434_RGB.jpg,train,1ug,24,60.608154296875,D:\gs\angiogenesis data\SN4\cropped\1ug\1\1\24hr.tif
435_RGB.jpg,train,0.1ug,2,69.490478515625,D:\gs\angiogenesis data\SN2\cropped\0.1ug\3\2\2hr.tif
436_RGB.jpg,train,control,24,70.453369140625,D:\gs\angiogenesis data\SN1\cropped\control\2\24hr.tif
437_RGB.jpg,train,10ug,0,72.25830078125,D:\gs\angiogenesis data\SN2\cropped\10ug\1\2\0hr.tif
438_RGB.jpg,train,1ug,0,55.05126953125,D:\gs\angiogenesis data\SN2\cropped\1ug\2\1\0hr.tif
439_RGB.jpg,train,10ug,0,70.126708984375,D:\gs\angiogenesis data\SN2\cropped\10ug\1\2\0hr.tif
43_RGB.jpg,train,1ug,4,62.26806640625,D:\gs\angiogenesis data\SN4\cropped\1ug\2\1\4hr.tif
440_RGB.jpg,train,1ug,8,53.7548828125,D:\gs\angiogenesis data\SN4\cropped\1ug\2\1\8hr.tif
441_RGB.jpg,train,1ug,8,55.469482421875,D:\gs\angiogenesis data\SN4\cropped\1ug\3\2\8hr.tif
442_RGB.jpg,train,10ug,8,50.08251953125,D:\gs\angiogenesis data\SN1\cropped\10ug\1\8hr.tif
443_RGB.jpg,train,control,8,66.17138671875,D:\gs\angiogenesis data\SN2\cropped\control\1\8hr.tif
444_RGB.jpg,train,1ug,4,55.042236328125,D:\gs\angiogenesis data\SN2\cropped\1ug\3\1\4hr.tif
445_RGB.jpg,train,1ug,24,57.164306640625,D:\gs\angiogenesis data\SN4\cropped\1ug\2\1\24hr.tif
446_RGB.jpg,train,control,2,63.578125,D:\gs\angiogenesis data\SN3\cropped\control\2\2hr.tif
447_RGB.jpg,train,control,2,58.816650390625,D:\gs\angiogenesis data\SN3\cropped\control\2\2hr.tif
448_RGB.jpg,train,10ug,2,53.7763671875,D:\gs\angiogenesis data\SN3\cropped\10ug\2\1\2hr.tif
449_RGB.jpg,train,control,2,66.905517578125,D:\gs\angiogenesis data\SN3\cropped\control\2\2hr.tif
44_RGB.jpg,train,10ug,2,46.50048828125,D:\gs\angiogenesis data\SN2\cropped\10ug\1\2\2hr.tif
450_RGB.jpg,train,10ug,24,68.95263671875,D:\gs\angiogenesis data\SN3\cropped\10ug\1\1\24hr.tif
451_RGB.jpg,train,10ug,2,64.835693359375,D:\gs\angiogenesis data\SN3\cropped\10ug\3\1\2hr.tif
452_RGB.jpg,train,10ug,8,62.65869140625,D:\gs\angiogenesis data\SN1\cropped\10ug\1\8hr.tif
453_RGB.jpg,train,1ug,0,77.01220703125,D:\gs\angiogenesis data\SN4\cropped\1ug\3\2\0hr.tif
454_RGB.jpg,train,control,0,77.15185546875,D:\gs\angiogenesis data\SN3\cropped\control\2\0hr.tif
455_RGB.jpg,train,10ug,0,56.69921875,D:\gs\angiogenesis data\SN2\cropped\10ug\1\2\0hr.tif
456_RGB.jpg,train,1ug,4,58.62353515625,D:\gs\angiogenesis data\SN4\cropped\1ug\2\1\4hr.tif
457_RGB.jpg,train,1ug,0,74.255615234375,D:\gs\angiogenesis data\SN3\cropped\1ug\2\2\0hr.tif
458_RGB.jpg,train,0.1ug,8,72.3623046875,D:\gs\angiogenesis data\SN2\cropped\0.1ug\2\1\8hr.tif
459_RGB.jpg,train,croppedcontrol,0,75.696533203125,D:\gs\angiogenesis data\SN4\cropped\cropped control\1\0hr.tif
45_RGB.jpg,train,10ug,2,53.35595703125,D:\gs\angiogenesis data\SN2\cropped\10ug\1\2\2hr.tif
460_RGB.jpg,train,0.1ug,0,65.953369140625,D:\gs\angiogenesis data\SN2\cropped\0.1ug\2\2\0hr.tif
461_RGB.jpg,train,10ug,8,49.7666015625,D:\gs\angiogenesis data\SN1\cropped\10ug\1\8hr.tif
462_RGB.jpg,train,croppedcontrol,0,73.598876953125,D:\gs\angiogenesis data\SN4\cropped\cropped control\2\0hr1.tif
463_RGB.jpg,train,10ug,2,76.672119140625,D:\gs\angiogenesis data\SN2\cropped\10ug\1\2\2hr.tif
464_RGB.jpg,train,10ug,0,80.399658203125,D:\gs\angiogenesis data\SN3\cropped\10ug\3\1\0 hr.tif
465_RGB.jpg,train,1ug,0,66.65673828125,D:\gs\angiogenesis data\SN4\cropped\1ug\2\2\0hr.tif
466_RGB.jpg,train,1ug,24,52.509765625,D:\gs\angiogenesis data\SN4\cropped\1ug\2\1\24hr.tif
467_RGB.jpg,train,10ug,4,73.09033203125,D:\gs\angiogenesis data\SN2\cropped\10ug\1\2\4hr.tif
468_RGB.jpg,train,10ug,8,84.312744140625,D:\gs\angiogenesis data\SN4\cropped\10 ug\2\2\8hr.tif (green).tif
469_RGB.jpg,train,1ug,2,67.5390625,D:\gs\angiogenesis data\SN2\cropped\1ug\3\2\2hr.tif
46_RGB.jpg,train,1ug,4,58.1826171875,D:\gs\angiogenesis data\SN2\cropped\1ug\3\1\4hr.tif
470_RGB.jpg,train,1ug,24,53.126220703125,D:\gs\angiogenesis data\SN4\cropped\1ug\2\1\24hr.tif
471_RGB.jpg,train,1ug,2,87.8388671875,D:\gs\angiogenesis data\SN3\cropped\1ug\2\2\2hr.tif
472_RGB.jpg,train,1ug,0,69.945556640625,D:\gs\angiogenesis data\SN1\cropped\1ug\2\1\0hr.tif
473_RGB.jpg,train,0.1ug,4,73.960205078125,D:\gs\angiogenesis data\SN1\cropped\0.1ug\1\2\4hr.tif
474_RGB.jpg,train,10ug,4,49.893798828125,D:\gs\angiogenesis data\SN2\cropped\10ug\3\1\4hr.tif
475_RGB.jpg,train,1ug,0,72.354736328125,D:\gs\angiogenesis data\SN1\cropped\1ug\2\1\0hr.tif
476_RGB.jpg,train,croppedcontrol,2,64.688232421875,D:\gs\angiogenesis data\SN4\cropped\cropped control\2\2hr1.tif
477_RGB.jpg,train,control,2,59.004150390625,D:\gs\angiogenesis data\SN3\cropped\control\2\2hr.tif
478_RGB.jpg,train,10ug,0,54.421142578125,D:\gs\angiogenesis data\SN3\cropped\10ug\2\1\0hr.tif
479_RGB.jpg,train,10ug,4,63.690673828125,D:\gs\angiogenesis data\SN2\cropped\10ug\1\1\4hr.tif
47_RGB.jpg,train,0.1ug,4,59.327392578125,D:\gs\angiogenesis data\SN2\cropped\0.1ug\2\1\New folder\4hr.tif
480_RGB.jpg,train,1ug,4,74.264404296875,D:\gs\angiogenesis data\SN3\cropped\1ug\2\2\4hr.tif
481_RGB.jpg,train,control,8,62.72900390625,D:\gs\angiogenesis data\SN3\cropped\control\2\8hr.tif
482_RGB.jpg,train,10ug,0,64.193115234375,D:\gs\angiogenesis data\SN4\cropped\10 ug\1\1\0hr.tif
483_RGB.jpg,train,10ug,24,63.75634765625,D:\gs\angiogenesis data\SN3\cropped\10ug\1\1\24hr.tif
484_RGB.jpg,train,10ug,8,49.59033203125,D:\gs\angiogenesis data\SN2\cropped\10ug\2\2\8hr.tif
485_RGB.jpg,train,10ug,8,63.842041015625,D:\gs\angiogenesis data\SN2\cropped\10ug\1\1\8hr.tif
486_RGB.jpg,train,10ug,0,67.287353515625,D:\gs\angiogenesis data\SN4\cropped\10 ug\2\1\0hr.tif
487_RGB.jpg,train,control,2,63.193115234375,D:\gs\angiogenesis data\SN3\cropped\control\2\2hr.tif
488_RGB.jpg,train,1ug,0,61.708984375,D:\gs\angiogenesis data\SN4\cropped\1ug\1\1\0hr.tif
489_RGB.jpg,train,10ug,0,68.78271484375,D:\gs\angiogenesis data\SN3\cropped\10ug\2\1\0hr.tif
48_RGB.jpg,train,10ug,24,69.17822265625,D:\gs\angiogenesis data\SN3\cropped\10ug\1\1\24hr.tif
490_RGB.jpg,train,10ug,8,50.4990234375,D:\gs\angiogenesis data\SN1\cropped\10ug\1\8hr.tif
491_RGB.jpg,train,1ug,2,63.647705078125,D:\gs\angiogenesis data\SN4\cropped\1ug\2\2\2hr.tif
492_RGB.jpg,train,10ug,2,58.91259765625,D:\gs\angiogenesis data\SN4\cropped\10 ug\2\1\2hr.tif
493_RGB.jpg,train,1ug,2,49.600341796875,D:\gs\angiogenesis data\SN4\cropped\1ug\1\2\2hr.tif
494_RGB.jpg,train,1ug,8,81.72119140625,D:\gs\angiogenesis data\SN3\cropped\1ug\2\0\8hr.tif
495_RGB.jpg,train,10ug,24,74.5927734375,D:\gs\angiogenesis data\SN3\cropped\10ug\2\1\24hr.tif
496_RGB.jpg,train,1ug,2,51.32080078125,D:\gs\angiogenesis data\SN4\cropped\1ug\1\2\2hr.tif
497_RGB.jpg,train,10ug,24,57.21826171875,D:\gs\angiogenesis data\SN4\cropped\10 ug\2\2\24hr.tif (green).tif
498_RGB.jpg,train,control,4,67.958984375,D:\gs\angiogenesis data\SN3\cropped\control\2\4hr.tif
499_RGB.jpg,train,1ug,2,55.249755859375,D:\gs\angiogenesis data\SN4\cropped\1ug\1\1\2hr.tif
49_RGB.jpg,train,0.1ug,32,71.189208984375,D:\gs\angiogenesis data\SN2\cropped\0.1ug\1\1\32hr.tif
4_RGB.jpg,train,10ug,4,49.33544921875,D:\gs\angiogenesis data\SN1\cropped\10ug\1\4hr.tif
500_RGB.jpg,train,1ug,2,67.89306640625,D:\gs\angiogenesis data\SN3\cropped\1ug\1\1\2hr.tif
50_RGB.jpg,train,10ug,4,57.0849609375,D:\gs\angiogenesis data\SN3\cropped\10ug\2\1\4hr.tif
51_RGB.jpg,train,1ug,24,68.195068359375,D:\gs\angiogenesis data\SN3\cropped\1ug\2\2\24hr.tif
52_RGB.jpg,train,10ug,4,56.9189453125,D:\gs\angiogenesis data\SN3\cropped\10ug\3\2\4hr.tif
53_RGB.jpg,train,10ug,24,56.18115234375,D:\gs\angiogenesis data\SN3\cropped\10ug\1\2\24hr.tif
54_RGB.jpg,train,10ug,2,57.116455078125,D:\gs\angiogenesis data\SN2\cropped\10ug\1\1\2hr.tif
55_RGB.jpg,train,10ug,0,70.92529296875,D:\gs\angiogenesis data\SN3\cropped\10ug\3\1\0 hr.tif
56_RGB.jpg,train,10ug,0,50.404541015625,D:\gs\angiogenesis data\SN2\cropped\10ug\1\2\0hr.tif
57_RGB.jpg,train,10ug,2,53.8115234375,D:\gs\angiogenesis data\SN2\cropped\10ug\1\1\2hr.tif
58_RGB.jpg,train,croppedcontrol,4,51.0703125,D:\gs\angiogenesis data\SN4\cropped\cropped control\2\4hr1.tif
59_RGB.jpg,train,10ug,0,57.40576171875,D:\gs\angiogenesis data\SN3\cropped\10ug\3\1\0 hr.tif
5_RGB.jpg,train,1ug,2,62.18505859375,D:\gs\angiogenesis data\SN2\cropped\1ug\3\2\2hr.tif
60_RGB.jpg,train,1ug,8,69.51708984375,D:\gs\angiogenesis data\SN4\cropped\1ug\3\2\8hr.tif
61_RGB.jpg,train,0.1ug,8,58.920166015625,D:\gs\angiogenesis data\SN2\cropped\0.1ug\2\1\New folder\8hr.tif
62_RGB.jpg,train,10ug,2,58.052001953125,D:\gs\angiogenesis data\SN3\cropped\10ug\1\1\2hr.tif
63_RGB.jpg,train,1ug,4,74.223876953125,D:\gs\angiogenesis data\SN4\cropped\1ug\1\1\4hr.tif
64_RGB.jpg,train,0.1ug,2,65.096435546875,D:\gs\angiogenesis data\SN3\cropped\0.1ug\2\2\2hr.tif
65_RGB.jpg,train,10ug,2,55.961181640625,D:\gs\angiogenesis data\SN2\cropped\10ug\1\2\2hr.tif
66_RGB.jpg,train,10ug,2,53.61865234375,D:\gs\angiogenesis data\SN2\cropped\10ug\1\2\2hr.tif
67_RGB.jpg,train,10ug,0,71.64599609375,D:\gs\angiogenesis data\SN2\cropped\10ug\2\1\0hr was dead at 32 infacted.tif
68_RGB.jpg,train,0.1ug,0,70.242431640625,D:\gs\angiogenesis data\SN3\cropped\0.1ug\3\1\0hr.tif
69_RGB.jpg,train,croppedcontrol,0,68.49755859375,D:\gs\angiogenesis data\SN4\cropped\cropped control\1\0hr.tif
6_RGB.jpg,train,10ug,4,45.631103515625,D:\gs\angiogenesis data\SN1\cropped\10ug\1\4hr.tif
70_RGB.jpg,train,10ug,4,60.669189453125,D:\gs\angiogenesis data\SN3\cropped\10ug\3\1\4hr.tif
71_RGB.jpg,train,control,2,64.082763671875,D:\gs\angiogenesis data\SN3\cropped\control\2\2hr.tif
72_RGB.jpg,train,1ug,8,82.280029296875,D:\gs\angiogenesis data\SN3\cropped\1ug\2\2\8hr.tif
73_RGB.jpg,train,1ug,0,76.490234375,D:\gs\angiogenesis data\SN4\cropped\1ug\3\1\0hr.tif (green).tif
74_RGB.jpg,train,1ug,2,57.340576171875,D:\gs\angiogenesis data\SN4\cropped\1ug\3\2\2hr.tif
75_RGB.jpg,train,1ug,0,76.939697265625,D:\gs\angiogenesis data\SN2\cropped\1ug\2\2\0hr.tif
76_RGB.jpg,train,0.1ug,0,63.566162109375,D:\gs\angiogenesis data\SN3\cropped\0.1ug\3\1\0hr.tif
77_RGB.jpg,train,0.1ug,8,67.87158203125,D:\gs\angiogenesis data\SN3\cropped\0.1ug\2\2\8hr.tif
78_RGB.jpg,train,10ug,2,52.140869140625,D:\gs\angiogenesis data\SN3\cropped\10ug\1\2\2hr.tif
79_RGB.jpg,train,1ug,0,71.164306640625,D:\gs\angiogenesis data\SN4\cropped\1ug\1\1\0hr.tif
7_RGB.jpg,train,1ug,2,56.997802734375,D:\gs\angiogenesis data\SN2\cropped\1ug\1\2\2hr.tif
80_RGB.jpg,train,1ug,24,70.47998046875,D:\gs\angiogenesis data\SN3\cropped\1ug\1\2\24hr.tif
81_RGB.jpg,train,control,2,62.426025390625,D:\gs\angiogenesis data\SN3\cropped\control\2\2hr.tif
82_RGB.jpg,train,10ug,2,60.128173828125,D:\gs\angiogenesis data\SN2\cropped\10ug\3\1\2hr.tif
83_RGB.jpg,train,0.1ug,0,57.762451171875,D:\gs\angiogenesis data\SN1\cropped\0.1ug\2\2\0hr.tif
84_RGB.jpg,train,10ug,2,66.262939453125,D:\gs\angiogenesis data\SN3\cropped\10ug\1\2\2hr.tif
85_RGB.jpg,train,0.1ug,0,66.538818359375,D:\gs\angiogenesis data\SN2\cropped\0.1ug\2\2\0hr.tif
86_RGB.jpg,train,10ug,4,65.33984375,D:\gs\angiogenesis data\SN3\cropped\10ug\3\2\4hr.tif
87_RGB.jpg,train,1ug,2,44.788330078125,D:\gs\angiogenesis data\SN4\cropped\1ug\3\2\2hr.tif
88_RGB.jpg,train,10ug,0,59.333251953125,D:\gs\angiogenesis data\SN2\cropped\10ug\1\2\0hr.tif
89_RGB.jpg,train,1ug,4,59.8095703125,D:\gs\angiogenesis data\SN2\cropped\1ug\3\2\4hr.tif
8_RGB.jpg,train,control,24,61.024169921875,D:\gs\angiogenesis data\SN1\cropped\control\2\24hr.tif
90_RGB.jpg,train,10ug,2,60.1318359375,D:\gs\angiogenesis data\SN3\cropped\10ug\1\2\2hr.tif
91_RGB.jpg,train,1ug,2,68.15673828125,D:\gs\angiogenesis data\SN4\cropped\1ug\2\2\2hr.tif
92_RGB.jpg,train,0.1ug,0,64.499755859375,D:\gs\angiogenesis data\SN2\cropped\0.1ug\2\2\0hr.tif
93_RGB.jpg,train,0.1ug,4,72.2890625,D:\gs\angiogenesis data\SN2\cropped\0.1ug\2\2\4hr.tif
94_RGB.jpg,train,0.1ug,2,72.9287109375,D:\gs\angiogenesis data\SN2\cropped\0.1ug\2\2\2hr.tif
95_RGB.jpg,train,0.1ug,4,61.219970703125,D:\gs\angiogenesis data\SN2\cropped\0.1ug\2\2\4hr.tif
96_RGB.jpg,train,0.1ug,24,74.02978515625,D:\gs\angiogenesis data\SN1\cropped\0.1ug\3\2\24hr.tif
97_RGB.jpg,train,10ug,24,59.87890625,D:\gs\angiogenesis data\SN1\cropped\10ug\2\1\24hr.tif
98_RGB.jpg,train,1ug,8,81.645263671875,D:\gs\angiogenesis data\SN4\cropped\1ug\2\1\8hr.tif
99_RGB.jpg,train,0.1ug,4,56.90185546875,D:\gs\angiogenesis data\SN2\cropped\0.1ug\2\1\New folder\4hr.tif
9_RGB.jpg,train,0.1ug,0,57.59765625,D:\gs\angiogenesis data\SN2\cropped\0.1ug\1\2\0hr.tif
501_RGB.jpg,test,10ug,8,67.444580078125,D:\gs\angiogenesis data\SN3\cropped\10ug\1\1\8hr.tif
502_RGB.jpg,test,10ug,0,62.158447265625,D:\gs\angiogenesis data\SN2\cropped\10ug\2\1\0hr was dead at 32 infacted.tif
503_RGB.jpg,test,1ug,0,65.064697265625,D:\gs\angiogenesis data\SN4\cropped\1ug\2\2\0hr.tif
504_RGB.jpg,test,0.1ug,4,59.78662109375,D:\gs\angiogenesis data\SN2\cropped\0.1ug\2\2\4hr.tif
505_RGB.jpg,test,0.1ug,24,70.7001953125,D:\gs\angiogenesis data\SN1\cropped\0.1ug\2\2\24hr.tif
506_RGB.jpg,test,10ug,2,66.109130859375,D:\gs\angiogenesis data\SN3\cropped\10ug\1\1\2hr.tif
507_RGB.jpg,test,10ug,0,60.3466796875,D:\gs\angiogenesis data\SN2\cropped\10ug\2\2\0hr.tif
508_RGB.jpg,test,croppedcontrol,24,73.899169921875,D:\gs\angiogenesis data\SN4\cropped\cropped control\1\24 hr.tif
509_RGB.jpg,test,10ug,0,58.040283203125,D:\gs\angiogenesis data\SN2\cropped\10ug\1\2\0hr.tif
510_RGB.jpg,test,10ug,2,59.79833984375,D:\gs\angiogenesis data\SN2\cropped\10ug\1\1\2hr.tif
511_RGB.jpg,test,10ug,2,58.214111328125,D:\gs\angiogenesis data\SN2\cropped\10ug\1\1\2hr.tif
512_RGB.jpg,test,10ug,4,60.83447265625,D:\gs\angiogenesis data\SN2\cropped\10ug\1\2\4hr.tif
513_RGB.jpg,test,10ug,8,62.82177734375,D:\gs\angiogenesis data\SN3\cropped\10ug\3\2\8hr.tif
514_RGB.jpg,test,10ug,8,58.055908203125,D:\gs\angiogenesis data\SN1\cropped\10ug\1\8hr.tif
515_RGB.jpg,test,10ug,4,47.85009765625,D:\gs\angiogenesis data\SN2\cropped\10ug\1\1\4hr.tif
516_RGB.jpg,test,1ug,0,55.751220703125,D:\gs\angiogenesis data\SN4\cropped\1ug\1\1\0hr.tif
517_RGB.jpg,test,10ug,4,50.392822265625,D:\gs\angiogenesis data\SN2\cropped\10ug\1\1\4hr.tif
518_RGB.jpg,test,10ug,0,47.747802734375,D:\gs\angiogenesis data\SN2\cropped\10ug\1\2\0hr.tif
519_RGB.jpg,test,1ug,0,62.658203125,D:\gs\angiogenesis data\SN4\cropped\1ug\2\2\0hr.tif
520_RGB.jpg,test,1ug,4,55.6064453125,D:\gs\angiogenesis data\SN4\cropped\1ug\2\1\4hr.tif
521_RGB.jpg,test,1ug,8,62.286376953125,D:\gs\angiogenesis data\SN4\cropped\1ug\1\3\8hr.tif
522_RGB.jpg,test,10ug,2,67.248779296875,D:\gs\angiogenesis data\SN2\cropped\10ug\1\1\2hr.tif
523_RGB.jpg,test,0.1ug,0,51.763671875,D:\gs\angiogenesis data\SN2\cropped\0.1ug\2\1\0hr.tif
524_RGB.jpg,test,10ug,2,51.2861328125,D:\gs\angiogenesis data\SN3\cropped\10ug\2\1\2hr.tif
525_RGB.jpg,test,10ug,0,55.452880859375,D:\gs\angiogenesis data\SN3\cropped\10ug\2\1\0hr.tif
526_RGB.jpg,test,0.1ug,2,62.210693359375,D:\gs\angiogenesis data\SN2\cropped\0.1ug\2\1\New folder\2hr.tif
527_RGB.jpg,test,1ug,2,75.8408203125,D:\gs\angiogenesis data\SN4\cropped\1ug\2\2\2hr.tif
528_RGB.jpg,test,0.1ug,4,58.567626953125,D:\gs\angiogenesis data\SN2\cropped\0.1ug\3\2\4hr.tif
529_RGB.jpg,test,1ug,2,85.536376953125,D:\gs\angiogenesis data\SN3\cropped\1ug\3\2\2hr.tif
530_RGB.jpg,test,10ug,0,56.70263671875,D:\gs\angiogenesis data\SN2\cropped\10ug\2\1\0hr was dead at 32 infacted.tif
531_RGB.jpg,test,1ug,8,75.267822265625,D:\gs\angiogenesis data\SN4\cropped\1ug\1\1\8hr.tif
532_RGB.jpg,test,croppedcontrol,0,51.5205078125,D:\gs\angiogenesis data\SN4\cropped\cropped control\2\0hr1.tif
533_RGB.jpg,test,0.1ug,24,81.703369140625,D:\gs\angiogenesis data\SN3\cropped\0.1ug\2\1\24hr.tif
534_RGB.jpg,test,croppedcontrol,8,54.93115234375,D:\gs\angiogenesis data\SN4\cropped\cropped control\2\8hr1.tif
535_RGB.jpg,test,10ug,8,72.160888671875,D:\gs\angiogenesis data\SN1\cropped\10ug\1\8hr.tif
536_RGB.jpg,test,0.1ug,4,74.426513671875,D:\gs\angiogenesis data\SN3\cropped\0.1ug\2\2\4hr.tif
537_RGB.jpg,test,1ug,4,62.9169921875,D:\gs\angiogenesis data\SN4\cropped\1ug\2\1\4hr.tif
538_RGB.jpg,test,0.1ug,2,76.227294921875,D:\gs\angiogenesis data\SN2\cropped\0.1ug\3\2\2hr.tif
539_RGB.jpg,test,0.1ug,4,84.212646484375,D:\gs\angiogenesis data\SN2\cropped\0.1ug\2\2\4hr.tif
540_RGB.jpg,test,1ug,24,72.597900390625,D:\gs\angiogenesis data\SN4\cropped\1ug\2\1\24hr.tif
541_RGB.jpg,test,0.1ug,2,72.313720703125,D:\gs\angiogenesis data\SN3\cropped\0.1ug\3\2\2hr.tif
542_RGB.jpg,test,1ug,0,83.081787109375,D:\gs\angiogenesis data\SN4\cropped\1ug\3\2\0hr.tif
543_RGB.jpg,test,1ug,8,66.865234375,D:\gs\angiogenesis data\SN4\cropped\1ug\1\3\8hr.tif
544_RGB.jpg,test,0.1ug,0,69.459228515625,D:\gs\angiogenesis data\SN2\cropped\0.1ug\3\2\0hr.tif
545_RGB.jpg,test,0.1ug,4,79.250244140625,D:\gs\angiogenesis data\SN3\cropped\0.1ug\2\2\4hr.tif
546_RGB.jpg,test,1ug,8,61.681640625,D:\gs\angiogenesis data\SN4\cropped\1ug\2\1\8hr.tif
547_RGB.jpg,test,10ug,24,65.972900390625,D:\gs\angiogenesis data\SN1\cropped\10ug\2\1\24hr.tif
548_RGB.jpg,test,0.1ug,0,61.572509765625,D:\gs\angiogenesis data\SN2\cropped\0.1ug\2\2\0hr.tif
549_RGB.jpg,test,0.1ug,0,63.680908203125,D:\gs\angiogenesis data\SN2\cropped\0.1ug\2\2\0hr.tif
550_RGB.jpg,test,0.1ug,24,70.901123046875,D:\gs\angiogenesis data\SN1\cropped\0.1ug\2\2\24hr.tif
551_RGB.jpg,test,1ug,2,63.63330078125,D:\gs\angiogenesis data\SN4\cropped\1ug\1\3\2hr.tif
552_RGB.jpg,test,0.1ug,2,53.3974609375,D:\gs\angiogenesis data\SN2\cropped\0.1ug\2\2\2hr.tif
553_RGB.jpg,test,10ug,24,60.54541015625,D:\gs\angiogenesis data\SN1\cropped\10ug\2\1\24hr.tif
554_RGB.jpg,test,0.1ug,2,62.80712890625,D:\gs\angiogenesis data\SN2\cropped\0.1ug\2\2\2hr.tif
555_RGB.jpg,test,1ug,8,72.531982421875,D:\gs\angiogenesis data\SN2\cropped\1ug\3\2\8hr.tif
556_RGB.jpg,test,1ug,8,53.73388671875,D:\gs\angiogenesis data\SN4\cropped\1ug\2\1\8hr.tif
557_RGB.jpg,test,10ug,24,58.02392578125,D:\gs\angiogenesis data\SN1\cropped\10ug\2\1\24hr.tif
558_RGB.jpg,test,10ug,0,66.974365234375,D:\gs\angiogenesis data\SN1\cropped\10ug\2\1\0hr.tif
559_RGB.jpg,test,10ug,24,63.696533203125,D:\gs\angiogenesis data\SN1\cropped\10ug\2\1\24hr.tif
560_RGB.jpg,test,control,24,67.467041015625,D:\gs\angiogenesis data\SN1\cropped\control\2\24hr.tif
561_RGB.jpg,test,10ug,8,53.044677734375,D:\gs\angiogenesis data\SN2\cropped\10ug\3\1\8hr.tif
562_RGB.jpg,test,1ug,2,61.041259765625,D:\gs\angiogenesis data\SN4\cropped\1ug\2\1\2hr.tif
563_RGB.jpg,test,1ug,8,61.790771484375,D:\gs\angiogenesis data\SN4\cropped\1ug\2\1\8hr.tif
564_RGB.jpg,test,10ug,8,69.724609375,D:\gs\angiogenesis data\SN2\cropped\10ug\3\1\8hr.tif
565_RGB.jpg,test,0.1ug,0,61.595458984375,D:\gs\angiogenesis data\SN2\cropped\0.1ug\1\2\0hr.tif
566_RGB.jpg,test,0.1ug,0,72.858154296875,D:\gs\angiogenesis data\SN1\cropped\0.1ug\1\2\0hr.tif
567_RGB.jpg,test,1ug,8,61.6513671875,D:\gs\angiogenesis data\SN4\cropped\1ug\2\1\8hr.tif
568_RGB.jpg,test,1ug,0,60.531982421875,D:\gs\angiogenesis data\SN4\cropped\1ug\1\3\0hr.tif
569_RGB.jpg,test,1ug,8,66.111083984375,D:\gs\angiogenesis data\SN1\cropped\1ug\2\1\8hr.tif
570_RGB.jpg,test,10ug,24,56.144775390625,D:\gs\angiogenesis data\SN1\cropped\10ug\2\1\24hr.tif
571_RGB.jpg,test,0.1ug,8,54.771728515625,D:\gs\angiogenesis data\SN2\cropped\0.1ug\2\2\8hr.tif
572_RGB.jpg,test,10ug,0,75.872314453125,D:\gs\angiogenesis data\SN2\cropped\10ug\2\1\0hr was dead at 32 infacted.tif
573_RGB.jpg,test,1ug,4,63.69189453125,D:\gs\angiogenesis data\SN2\cropped\1ug\3\2\4hr.tif
574_RGB.jpg,test,0.1ug,0,49.181884765625,D:\gs\angiogenesis data\SN2\cropped\0.1ug\2\2\0hr.tif
575_RGB.jpg,test,10ug,0,60.51025390625,D:\gs\angiogenesis data\SN2\cropped\10ug\2\2\0hr.tif
576_RGB.jpg,test,10ug,4,75.217041015625,D:\gs\angiogenesis data\SN1\cropped\10ug\1\4hr.tif
577_RGB.jpg,test,10ug,8,64.52587890625,D:\gs\angiogenesis data\SN1\cropped\10ug\1\8hr.tif
578_RGB.jpg,test,0.1ug,24,63.831298828125,D:\gs\angiogenesis data\SN1\cropped\0.1ug\3\2\24hr.tif
579_RGB.jpg,test,1ug,0,58.14697265625,D:\gs\angiogenesis data\SN2\cropped\1ug\3\2\0h.tif
580_RGB.jpg,test,10ug,8,71.530029296875,D:\gs\angiogenesis data\SN1\cropped\10ug\1\8hr.tif
581_RGB.jpg,test,1ug,8,75.463623046875,D:\gs\angiogenesis data\SN4\cropped\1ug\2\1\8hr.tif
582_RGB.jpg,test,0.1ug,2,60.852294921875,D:\gs\angiogenesis data\SN2\cropped\0.1ug\2\2\2hr.tif
583_RGB.jpg,test,10ug,8,59.52734375,D:\gs\angiogenesis data\SN1\cropped\10ug\1\8hr.tif
584_RGB.jpg,test,10ug,24,55.3076171875,D:\gs\angiogenesis data\SN1\cropped\10ug\2\1\24hr.tif
585_RGB.jpg,test,10ug,24,63.35986328125,D:\gs\angiogenesis data\SN1\cropped\10ug\2\1\24hr.tif
586_RGB.jpg,test,10ug,0,60.514892578125,D:\gs\angiogenesis data\SN1\cropped\10ug\2\1\0hr.tif
587_RGB.jpg,test,0.1ug,4,67.420166015625,D:\gs\angiogenesis data\SN1\cropped\0.1ug\2\2\4hr.tif
588_RGB.jpg,test,1ug,0,63.7626953125,D:\gs\angiogenesis data\SN4\cropped\1ug\1\2\0hr.tif
589_RGB.jpg,test,1ug,24,56.164794921875,D:\gs\angiogenesis data\SN4\cropped\1ug\2\1\24hr.tif
590_RGB.jpg,test,10ug,24,62.90869140625,D:\gs\angiogenesis data\SN1\cropped\10ug\2\1\24hr.tif
591_RGB.jpg,test,10ug,24,62.58251953125,D:\gs\angiogenesis data\SN1\cropped\10ug\2\1\24hr.tif
592_RGB.jpg,test,10ug,24,65.486572265625,D:\gs\angiogenesis data\SN1\cropped\10ug\2\1\24hr.tif
593_RGB.jpg,test,10ug,24,72.888671875,D:\gs\angiogenesis data\SN1\cropped\10ug\2\1\24hr.tif
594_RGB.jpg,test,10ug,0,66.185302734375,D:\gs\angiogenesis data\SN2\cropped\10ug\2\2\0hr.tif
595_RGB.jpg,test,0.1ug,24,50.00390625,D:\gs\angiogenesis data\SN3\cropped\0.1ug\2\2\24hr.tif
596_RGB.jpg,test,0.1ug,24,66.135009765625,D:\gs\angiogenesis data\SN1\cropped\0.1ug\3\2\24hr.tif
597_RGB.jpg,test,0.1ug,2,69.493896484375,D:\gs\angiogenesis data\SN2\cropped\0.1ug\2\2\2hr.tif
598_RGB.jpg,test,0.1ug,2,66.032470703125,D:\gs\angiogenesis data\SN2\cropped\0.1ug\2\2\2hr.tif
599_RGB.jpg,test,1ug,8,46.2216796875,D:\gs\angiogenesis data\SN4\cropped\1ug\2\1\8hr.tif
600_RGB.jpg,test,10ug,2,73.517822265625,D:\gs\angiogenesis data\SN2\cropped\10ug\1\2\2hr.tif
601_RGB.jpg,test,0.1ug,24,77.759521484375,D:\gs\angiogenesis data\SN3\cropped\0.1ug\2\2\24hr.tif
602_RGB.jpg,test,1ug,0,63.032470703125,D:\gs\angiogenesis data\SN2\cropped\1ug\1\1\0hr.tif
603_RGB.jpg,test,0.1ug,4,61.476318359375,D:\gs\angiogenesis data\SN2\cropped\0.1ug\2\2\4hr.tif
604_RGB.jpg,test,1ug,4,55.586181640625,D:\gs\angiogenesis data\SN2\cropped\1ug\3\2\4hr.tif
605_RGB.jpg,test,1ug,0,55.078369140625,D:\gs\angiogenesis data\SN4\cropped\1ug\1\3\0hr.tif
606_RGB.jpg,test,0.1ug,4,65.290771484375,D:\gs\angiogenesis data\SN2\cropped\0.1ug\2\2\4hr.tif
607_RGB.jpg,test,0.1ug,2,58.68701171875,D:\gs\angiogenesis data\SN2\cropped\0.1ug\2\2\2hr.tif
608_RGB.jpg,test,1ug,8,58.380126953125,D:\gs\angiogenesis data\SN4\cropped\1ug\2\1\8hr.tif
609_RGB.jpg,test,10ug,0,50.368896484375,D:\gs\angiogenesis data\SN2\cropped\10ug\1\2\0hr.tif
610_RGB.jpg,test,10ug,24,47.6328125,D:\gs\angiogenesis data\SN1\cropped\10ug\2\1\24hr.tif
611_RGB.jpg,test,1ug,8,60.885986328125,D:\gs\angiogenesis data\SN4\cropped\1ug\2\1\8hr.tif
612_RGB.jpg,test,1ug,0,76.55224609375,D:\gs\angiogenesis data\SN4\cropped\1ug\1\1\0hr.tif
613_RGB.jpg,test,1ug,8,53.7265625,D:\gs\angiogenesis data\SN4\cropped\1ug\2\1\8hr.tif
614_RGB.jpg,test,0.1ug,4,63.030029296875,D:\gs\angiogenesis data\SN2\cropped\0.1ug\2\1\New folder\4hr.tif
615_RGB.jpg,test,1ug,24,55.571533203125,D:\gs\angiogenesis data\SN4\cropped\1ug\2\1\24hr.tif
616_RGB.jpg,test,1ug,0,69.841796875,D:\gs\angiogenesis data\SN4\cropped\1ug\2\2\0hr.tif
617_RGB.jpg,test,10ug,24,49.075927734375,D:\gs\angiogenesis data\SN1\cropped\10ug\2\1\24hr.tif
618_RGB.jpg,test,1ug,2,67.28857421875,D:\gs\angiogenesis data\SN4\cropped\1ug\2\1\2hr.tif
619_RGB.jpg,test,1ug,8,49.17138671875,D:\gs\angiogenesis data\SN4\cropped\1ug\2\1\8hr.tif
620_RGB.jpg,test,10ug,8,66.928955078125,D:\gs\angiogenesis data\SN1\cropped\10ug\1\8hr.tif
621_RGB.jpg,test,1ug,4,55.721923828125,D:\gs\angiogenesis data\SN2\cropped\1ug\3\2\4hr.tif
622_RGB.jpg,test,1ug,2,61.626708984375,D:\gs\angiogenesis data\SN2\cropped\1ug\3\2\2hr.tif
623_RGB.jpg,test,1ug,0,72.00634765625,D:\gs\angiogenesis data\SN2\cropped\1ug\2\1\0hr.tif
624_RGB.jpg,test,1ug,4,49.47021484375,D:\gs\angiogenesis data\SN2\cropped\1ug\3\2\4hr.tif
625_RGB.jpg,test,1ug,8,63.324951171875,D:\gs\angiogenesis data\SN2\cropped\1ug\3\2\8hr.tif
626_RGB.jpg,test,1ug,4,66.61474609375,D:\gs\angiogenesis data\SN4\cropped\1ug\1\3\4hr.tif
627_RGB.jpg,test,10ug,0,63.644287109375,D:\gs\angiogenesis data\SN3\cropped\10ug\3\1\0 hr.tif
628_RGB.jpg,test,1ug,0,50.6162109375,D:\gs\angiogenesis data\SN2\cropped\1ug\3\2\0h.tif
629_RGB.jpg,test,1ug,0,60.10888671875,D:\gs\angiogenesis data\SN2\cropped\1ug\3\2\0h.tif
630_RGB.jpg,test,1ug,0,67.855224609375,D:\gs\angiogenesis data\SN4\cropped\1ug\1\3\0hr.tif
631_RGB.jpg,test,control,24,53.90234375,D:\gs\angiogenesis data\SN1\cropped\control\2\24hr.tif
632_RGB.jpg,test,1ug,4,60.137939453125,D:\gs\angiogenesis data\SN2\cropped\1ug\3\2\4hr.tif
633_RGB.jpg,test,1ug,2,59.351806640625,D:\gs\angiogenesis data\SN4\cropped\1ug\2\1\2hr.tif
634_RGB.jpg,test,1ug,2,67.5947265625,D:\gs\angiogenesis data\SN4\cropped\1ug\2\1\2hr.tif
635_RGB.jpg,test,10ug,8,62.046630859375,D:\gs\angiogenesis data\SN1\cropped\10ug\1\8hr.tif
636_RGB.jpg,test,1ug,0,69.99951171875,D:\gs\angiogenesis data\SN4\cropped\1ug\2\2\0hr.tif
637_RGB.jpg,test,0.1ug,32,87.4345703125,D:\gs\angiogenesis data\SN2\cropped\0.1ug\3\2\32hr.tif
