filename,network_count,branch_points,end_points
100_RGB.jpg,13,3244,40
101_RGB.jpg,18,1523,59
102_RGB.jpg,12,3079,42
103_RGB.jpg,21,2763,61
104_RGB.jpg,16,2877,58
105_RGB.jpg,25,2105,75
106_RGB.jpg,13,3102,33
107_RGB.jpg,18,1612,54
108_RGB.jpg,15,2543,50
109_RGB.jpg,18,1933,55
10_RGB.jpg,16,3268,57
110_RGB.jpg,8,3476,37
111_RGB.jpg,16,2111,50
112_RGB.jpg,10,1259,39
113_RGB.jpg,7,3484,46
114_RGB.jpg,16,1849,55
115_RGB.jpg,9,3328,54
116_RGB.jpg,17,2251,49
117_RGB.jpg,7,1018,38
118_RGB.jpg,7,3573,55
119_RGB.jpg,18,2167,56
11_RGB.jpg,7,3853,45
120_RGB.jpg,16,2169,41
121_RGB.jpg,9,2440,37
122_RGB.jpg,7,2141,43
123_RGB.jpg,15,2005,48
124_RGB.jpg,9,3418,45
125_RGB.jpg,10,2357,45
126_RGB.jpg,6,4308,45
127_RGB.jpg,8,947,42
128_RGB.jpg,14,2040,47
129_RGB.jpg,11,3075,52
12_RGB.jpg,7,4375,55
130_RGB.jpg,13,2041,38
131_RGB.jpg,9,1877,37
132_RGB.jpg,11,1185,45
133_RGB.jpg,15,2828,55
134_RGB.jpg,14,2153,33
135_RGB.jpg,17,2265,45
136_RGB.jpg,7,4220,39
137_RGB.jpg,7,2028,42
138_RGB.jpg,3,2804,26
139_RGB.jpg,9,2076,30
13_RGB.jpg,22,1604,64
140_RGB.jpg,10,1315,37
141_RGB.jpg,8,3109,49
142_RGB.jpg,14,2330,58
143_RGB.jpg,12,2430,43
144_RGB.jpg,15,1563,42
145_RGB.jpg,11,2534,46
146_RGB.jpg,13,1594,38
147_RGB.jpg,14,1679,40
148_RGB.jpg,5,4907,30
149_RGB.jpg,12,1707,40
14_RGB.jpg,8,2600,39
150_RGB.jpg,3,5216,25
151_RGB.jpg,17,2657,56
152_RGB.jpg,5,3866,47
153_RGB.jpg,12,1556,41
154_RGB.jpg,2,4841,21
155_RGB.jpg,15,2109,42
156_RGB.jpg,7,5448,41
157_RGB.jpg,15,2278,56
158_RGB.jpg,16,1394,49
159_RGB.jpg,13,1598,45
15_RGB.jpg,7,3687,63
160_RGB.jpg,10,1537,44
161_RGB.jpg,15,2767,52
162_RGB.jpg,18,1023,48
163_RGB.jpg,17,1714,44
164_RGB.jpg,10,2218,38
165_RGB.jpg,10,3090,46
166_RGB.jpg,21,1605,51
167_RGB.jpg,13,2479,51
168_RGB.jpg,10,2144,42
169_RGB.jpg,16,2501,55
16_RGB.jpg,5,4821,29
170_RGB.jpg,17,1704,47
171_RGB.jpg,14,2450,45
172_RGB.jpg,11,2619,45
173_RGB.jpg,14,2888,65
174_RGB.jpg,13,1865,47
175_RGB.jpg,15,2778,55
176_RGB.jpg,12,2152,42
177_RGB.jpg,11,1914,35
178_RGB.jpg,18,1035,56
179_RGB.jpg,7,3407,33
17_RGB.jpg,24,2434,66
180_RGB.jpg,14,2129,53
181_RGB.jpg,9,1960,26
182_RGB.jpg,21,1558,58
183_RGB.jpg,7,2771,28
184_RGB.jpg,17,1751,53
185_RGB.jpg,9,1791,32
186_RGB.jpg,18,925,55
187_RGB.jpg,8,4044,38
188_RGB.jpg,14,2734,47
189_RGB.jpg,12,1737,36
18_RGB.jpg,9,3105,43
190_RGB.jpg,20,1642,60
191_RGB.jpg,8,3760,35
192_RGB.jpg,16,1533,54
193_RGB.jpg,11,2677,34
194_RGB.jpg,25,1536,60
195_RGB.jpg,10,4072,37
196_RGB.jpg,15,2407,52
197_RGB.jpg,7,2381,27
198_RGB.jpg,15,1051,44
199_RGB.jpg,4,2247,30
19_RGB.jpg,5,4439,33
1_RGB.jpg,19,2288,63
200_RGB.jpg,13,1078,47
201_RGB.jpg,5,2793,32
202_RGB.jpg,14,1799,40
203_RGB.jpg,8,1762,29
204_RGB.jpg,14,974,40
205_RGB.jpg,7,2800,32
206_RGB.jpg,17,1360,59
207_RGB.jpg,6,2333,28
208_RGB.jpg,12,809,43
209_RGB.jpg,5,3120,30
20_RGB.jpg,8,1225,33
210_RGB.jpg,16,1614,46
211_RGB.jpg,8,2061,31
212_RGB.jpg,14,928,40
213_RGB.jpg,7,960,27
214_RGB.jpg,8,726,31
215_RGB.jpg,6,1106,26
216_RGB.jpg,10,787,44
217_RGB.jpg,11,1124,42
218_RGB.jpg,8,2454,32
219_RGB.jpg,14,1146,38
21_RGB.jpg,8,1036,33
220_RGB.jpg,9,1898,35
221_RGB.jpg,15,1313,42
222_RGB.jpg,11,2149,40
223_RGB.jpg,15,1441,46
224_RGB.jpg,8,2266,40
225_RGB.jpg,14,1928,47
226_RGB.jpg,10,2251,48
227_RGB.jpg,12,2980,53
228_RGB.jpg,12,4927,61
229_RGB.jpg,9,3845,52
22_RGB.jpg,13,1995,48
230_RGB.jpg,15,2235,58
231_RGB.jpg,14,1696,52
232_RGB.jpg,10,3246,44
233_RGB.jpg,13,2554,40
234_RGB.jpg,9,1867,46
235_RGB.jpg,6,3062,48
236_RGB.jpg,10,1869,49
237_RGB.jpg,17,2914,54
238_RGB.jpg,13,2520,42
239_RGB.jpg,16,3076,52
23_RGB.jpg,7,3593,44
240_RGB.jpg,7,5421,64
241_RGB.jpg,9,4186,45
242_RGB.jpg,15,1645,55
243_RGB.jpg,17,1469,52
244_RGB.jpg,10,3064,51
245_RGB.jpg,14,2496,42
246_RGB.jpg,9,2622,45
247_RGB.jpg,11,1621,61
248_RGB.jpg,13,3499,45
249_RGB.jpg,15,2423,48
24_RGB.jpg,11,1183,42
250_RGB.jpg,14,3362,42
251_RGB.jpg,7,2709,26
252_RGB.jpg,11,4743,48
253_RGB.jpg,9,4996,52
254_RGB.jpg,8,4967,55
255_RGB.jpg,12,3200,42
256_RGB.jpg,19,2621,58
257_RGB.jpg,17,2316,56
258_RGB.jpg,19,2317,45
259_RGB.jpg,13,3010,40
25_RGB.jpg,12,1128,40
260_RGB.jpg,16,2336,42
261_RGB.jpg,14,3593,45
262_RGB.jpg,14,2670,60
263_RGB.jpg,17,3047,57
264_RGB.jpg,5,4645,42
265_RGB.jpg,17,1906,64
266_RGB.jpg,17,1922,57
267_RGB.jpg,10,3114,43
268_RGB.jpg,17,2869,50
269_RGB.jpg,11,2958,36
26_RGB.jpg,7,4040,39
270_RGB.jpg,12,1920,60
271_RGB.jpg,16,3805,56
272_RGB.jpg,14,3171,48
273_RGB.jpg,17,4072,64
274_RGB.jpg,16,2820,66
275_RGB.jpg,15,1878,56
276_RGB.jpg,16,1832,50
277_RGB.jpg,13,3190,47
278_RGB.jpg,14,3269,39
279_RGB.jpg,15,3006,40
27_RGB.jpg,13,1976,53
280_RGB.jpg,6,5078,52
281_RGB.jpg,5,4938,51
282_RGB.jpg,7,3990,37
283_RGB.jpg,17,2287,44
284_RGB.jpg,20,2587,65
285_RGB.jpg,17,2410,57
286_RGB.jpg,21,2781,61
287_RGB.jpg,14,2767,42
288_RGB.jpg,18,2596,59
289_RGB.jpg,13,2880,54
28_RGB.jpg,11,2218,56
290_RGB.jpg,16,2357,55
291_RGB.jpg,17,2023,60
292_RGB.jpg,17,2756,56
293_RGB.jpg,17,2900,58
294_RGB.jpg,9,972,38
295_RGB.jpg,10,1210,38
296_RGB.jpg,18,1902,51
297_RGB.jpg,7,2184,35
298_RGB.jpg,16,1414,51
299_RGB.jpg,13,1029,34
29_RGB.jpg,8,2023,47
2_RGB.jpg,6,2793,40
300_RGB.jpg,18,2329,54
301_RGB.jpg,8,2071,37
302_RGB.jpg,7,1412,25
303_RGB.jpg,13,1086,37
304_RGB.jpg,11,1509,34
305_RGB.jpg,12,1582,41
306_RGB.jpg,17,2279,57
307_RGB.jpg,8,2022,31
308_RGB.jpg,13,1156,39
309_RGB.jpg,12,1247,36
30_RGB.jpg,12,2561,46
310_RGB.jpg,12,1603,49
311_RGB.jpg,7,1984,25
312_RGB.jpg,6,2301,29
313_RGB.jpg,13,1785,45
314_RGB.jpg,11,1959,47
315_RGB.jpg,11,2835,46
316_RGB.jpg,7,2208,32
317_RGB.jpg,14,2313,51
318_RGB.jpg,10,2518,46
319_RGB.jpg,9,2762,39
31_RGB.jpg,7,1508,38
320_RGB.jpg,14,2619,43
321_RGB.jpg,11,2255,45
322_RGB.jpg,12,1438,45
323_RGB.jpg,12,1857,43
324_RGB.jpg,12,2343,52
325_RGB.jpg,8,2683,35
326_RGB.jpg,15,2331,57
327_RGB.jpg,9,2051,40
328_RGB.jpg,8,2485,36
329_RGB.jpg,8,2350,33
32_RGB.jpg,10,1390,35
330_RGB.jpg,16,2132,55
331_RGB.jpg,15,2319,45
332_RGB.jpg,12,2311,38
333_RGB.jpg,16,2724,57
334_RGB.jpg,4,5115,53
335_RGB.jpg,15,3019,50
336_RGB.jpg,14,1295,47
337_RGB.jpg,9,2875,38
338_RGB.jpg,17,1413,53
339_RGB.jpg,8,5408,66
33_RGB.jpg,12,1032,39
340_RGB.jpg,18,2192,51
341_RGB.jpg,11,1251,46
342_RGB.jpg,12,2607,49
343_RGB.jpg,6,4860,51
344_RGB.jpg,20,3521,62
345_RGB.jpg,12,2492,61
346_RGB.jpg,14,1467,49
347_RGB.jpg,6,6057,73
348_RGB.jpg,14,3577,77
349_RGB.jpg,10,2476,47
34_RGB.jpg,9,3130,57
350_RGB.jpg,14,1127,57
351_RGB.jpg,8,2267,34
352_RGB.jpg,8,3000,32
353_RGB.jpg,11,2730,36
354_RGB.jpg,4,3658,31
355_RGB.jpg,8,2438,37
356_RGB.jpg,10,2943,49
357_RGB.jpg,12,2977,35
358_RGB.jpg,6,3679,31
359_RGB.jpg,12,2612,39
35_RGB.jpg,8,1989,45
360_RGB.jpg,7,4045,46
361_RGB.jpg,16,2094,51
362_RGB.jpg,13,2962,41
363_RGB.jpg,15,1862,53
364_RGB.jpg,10,2805,34
365_RGB.jpg,17,1642,43
366_RGB.jpg,14,2885,38
367_RGB.jpg,19,1850,53
368_RGB.jpg,12,2877,35
369_RGB.jpg,9,3642,40
36_RGB.jpg,8,1557,37
370_RGB.jpg,2,5691,54
371_RGB.jpg,13,2164,41
372_RGB.jpg,11,3105,47
373_RGB.jpg,6,5216,55
374_RGB.jpg,15,2344,55
375_RGB.jpg,6,3624,50
376_RGB.jpg,5,4638,81
377_RGB.jpg,17,2385,52
378_RGB.jpg,9,2863,49
379_RGB.jpg,5,5292,65
37_RGB.jpg,12,1133,38
380_RGB.jpg,15,2763,49
381_RGB.jpg,10,3223,61
382_RGB.jpg,6,5435,60
383_RGB.jpg,13,2928,46
384_RGB.jpg,12,3134,59
385_RGB.jpg,12,3409,58
386_RGB.jpg,10,2502,52
387_RGB.jpg,12,3073,49
388_RGB.jpg,4,4129,25
389_RGB.jpg,13,3037,49
38_RGB.jpg,11,3348,77
390_RGB.jpg,8,3063,36
391_RGB.jpg,5,3362,33
392_RGB.jpg,13,3704,51
393_RGB.jpg,8,3810,39
394_RGB.jpg,6,4059,49
395_RGB.jpg,12,3098,51
396_RGB.jpg,8,2992,39
397_RGB.jpg,5,3325,28
398_RGB.jpg,14,2881,49
399_RGB.jpg,7,1942,35
39_RGB.jpg,6,2230,42
3_RGB.jpg,11,3701,71
400_RGB.jpg,6,3804,43
401_RGB.jpg,14,2370,52
402_RGB.jpg,11,2336,34
403_RGB.jpg,16,2089,51
404_RGB.jpg,13,3305,34
405_RGB.jpg,9,3611,57
406_RGB.jpg,5,3497,44
407_RGB.jpg,16,2231,45
408_RGB.jpg,13,2930,44
409_RGB.jpg,10,2611,42
40_RGB.jpg,10,2682,47
410_RGB.jpg,9,3156,36
411_RGB.jpg,15,2282,47
412_RGB.jpg,10,2412,58
413_RGB.jpg,11,2707,40
414_RGB.jpg,13,2564,56
415_RGB.jpg,10,3098,44
416_RGB.jpg,12,3130,46
417_RGB.jpg,11,2915,44
418_RGB.jpg,16,2970,72
419_RGB.jpg,15,3076,48
41_RGB.jpg,17,1594,54
420_RGB.jpg,17,2361,65
421_RGB.jpg,7,4438,36
422_RGB.jpg,14,2949,53
423_RGB.jpg,7,4652,35
424_RGB.jpg,12,3343,48
425_RGB.jpg,10,4133,55
426_RGB.jpg,13,2042,54
427_RGB.jpg,11,4860,59
428_RGB.jpg,13,3131,52
429_RGB.jpg,8,4411,54
42_RGB.jpg,12,2247,38
430_RGB.jpg,18,2662,61
431_RGB.jpg,15,2134,44
432_RGB.jpg,17,1616,44
433_RGB.jpg,13,2662,36
434_RGB.jpg,15,1761,45
435_RGB.jpg,11,2120,43
436_RGB.jpg,9,1653,44
437_RGB.jpg,11,2583,38
438_RGB.jpg,16,1987,45
439_RGB.jpg,11,2867,43
43_RGB.jpg,13,1104,38
440_RGB.jpg,13,1850,42
441_RGB.jpg,16,2689,47
442_RGB.jpg,17,2296,55
443_RGB.jpg,15,2676,83
444_RGB.jpg,16,3120,52
445_RGB.jpg,16,3293,50
446_RGB.jpg,12,3530,58
447_RGB.jpg,11,3305,50
448_RGB.jpg,7,3468,63
449_RGB.jpg,12,3779,73
44_RGB.jpg,14,2385,42
450_RGB.jpg,9,3643,68
451_RGB.jpg,10,4220,57
452_RGB.jpg,7,3888,38
453_RGB.jpg,10,4269,81
454_RGB.jpg,8,2774,73
455_RGB.jpg,8,3792,71
456_RGB.jpg,4,3144,43
457_RGB.jpg,9,3531,69
458_RGB.jpg,17,3119,84
459_RGB.jpg,14,3374,87
45_RGB.jpg,18,1768,51
460_RGB.jpg,6,2918,40
461_RGB.jpg,5,3359,44
462_RGB.jpg,11,2899,68
463_RGB.jpg,9,2661,77
464_RGB.jpg,16,3286,100
465_RGB.jpg,9,4114,51
466_RGB.jpg,7,3920,54
467_RGB.jpg,8,3436,70
468_RGB.jpg,9,3159,90
469_RGB.jpg,9,3667,54
46_RGB.jpg,12,1833,35
470_RGB.jpg,7,3846,44
471_RGB.jpg,12,2517,83
472_RGB.jpg,15,3194,59
473_RGB.jpg,20,2632,60
474_RGB.jpg,8,3116,52
475_RGB.jpg,21,2904,64
476_RGB.jpg,18,3621,51
477_RGB.jpg,20,3312,64
478_RGB.jpg,9,3207,47
479_RGB.jpg,24,3244,71
47_RGB.jpg,14,1136,45
480_RGB.jpg,9,3048,80
481_RGB.jpg,14,3540,79
482_RGB.jpg,18,3233,53
483_RGB.jpg,20,2805,63
484_RGB.jpg,11,2882,41
485_RGB.jpg,18,3091,53
486_RGB.jpg,18,3565,51
487_RGB.jpg,17,3347,55
488_RGB.jpg,14,3964,61
489_RGB.jpg,22,3904,71
48_RGB.jpg,14,2598,55
490_RGB.jpg,8,4199,42
491_RGB.jpg,10,3871,44
492_RGB.jpg,8,2857,34
493_RGB.jpg,9,3019,42
494_RGB.jpg,6,2373,28
495_RGB.jpg,12,3909,60
496_RGB.jpg,11,4472,45
497_RGB.jpg,9,3536,33
498_RGB.jpg,10,3719,35
499_RGB.jpg,11,4522,58
49_RGB.jpg,15,2584,56
4_RGB.jpg,7,4766,38
500_RGB.jpg,6,3294,43
501_RGB.jpg,14,3211,57
502_RGB.jpg,17,2756,65
503_RGB.jpg,8,3940,44
504_RGB.jpg,14,3084,53
505_RGB.jpg,19,2355,55
506_RGB.jpg,8,3640,70
507_RGB.jpg,10,3506,64
508_RGB.jpg,18,2641,52
509_RGB.jpg,10,3466,52
50_RGB.jpg,16,2766,65
510_RGB.jpg,13,3093,48
511_RGB.jpg,18,2610,54
512_RGB.jpg,11,3736,56
513_RGB.jpg,11,2809,39
514_RGB.jpg,22,2978,59
515_RGB.jpg,14,3902,56
516_RGB.jpg,19,2112,60
517_RGB.jpg,7,3282,35
518_RGB.jpg,15,3048,60
519_RGB.jpg,20,2635,58
51_RGB.jpg,9,2037,58
520_RGB.jpg,9,3615,46
521_RGB.jpg,12,3423,64
522_RGB.jpg,14,2580,59
523_RGB.jpg,15,2576,54
524_RGB.jpg,17,2175,57
525_RGB.jpg,8,4601,49
526_RGB.jpg,16,3135,63
527_RGB.jpg,16,2162,62
528_RGB.jpg,7,3432,53
529_RGB.jpg,8,2853,48
52_RGB.jpg,18,2578,56
530_RGB.jpg,11,3238,36
531_RGB.jpg,10,2993,50
532_RGB.jpg,12,3732,59
533_RGB.jpg,6,2233,49
534_RGB.jpg,13,2870,62
535_RGB.jpg,13,3002,52
536_RGB.jpg,10,2917,48
537_RGB.jpg,10,2212,61
538_RGB.jpg,10,3464,69
539_RGB.jpg,14,2758,68
53_RGB.jpg,17,2361,50
540_RGB.jpg,12,3194,53
541_RGB.jpg,10,2887,56
542_RGB.jpg,12,2567,43
543_RGB.jpg,12,2484,59
544_RGB.jpg,11,2997,51
545_RGB.jpg,14,2631,49
546_RGB.jpg,14,2073,51
547_RGB.jpg,15,2900,52
548_RGB.jpg,18,2785,55
549_RGB.jpg,17,3535,63
54_RGB.jpg,12,2297,38
550_RGB.jpg,18,3632,62
551_RGB.jpg,14,1804,45
552_RGB.jpg,15,2512,48
553_RGB.jpg,12,2351,28
554_RGB.jpg,14,2542,50
555_RGB.jpg,12,2970,56
556_RGB.jpg,12,3522,66
557_RGB.jpg,11,3901,58
558_RGB.jpg,8,2960,47
559_RGB.jpg,15,4034,71
55_RGB.jpg,14,1406,47
560_RGB.jpg,10,3492,56
561_RGB.jpg,11,2809,51
562_RGB.jpg,12,3855,51
563_RGB.jpg,14,3453,67
564_RGB.jpg,13,3464,54
565_RGB.jpg,15,3549,59
566_RGB.jpg,11,3939,40
567_RGB.jpg,11,4047,43
568_RGB.jpg,12,3219,62
569_RGB.jpg,12,3456,51
56_RGB.jpg,13,1808,41
570_RGB.jpg,7,3775,41
571_RGB.jpg,11,3513,47
572_RGB.jpg,11,3629,61
573_RGB.jpg,9,4109,49
574_RGB.jpg,11,2437,43
575_RGB.jpg,14,3105,55
576_RGB.jpg,11,3628,62
577_RGB.jpg,10,3956,46
578_RGB.jpg,10,4247,48
579_RGB.jpg,16,4131,58
57_RGB.jpg,14,1543,41
580_RGB.jpg,18,3564,59
581_RGB.jpg,12,4041,48
582_RGB.jpg,10,3705,42
583_RGB.jpg,12,4201,49
584_RGB.jpg,15,2506,42
585_RGB.jpg,8,2952,38
586_RGB.jpg,15,2819,42
587_RGB.jpg,12,2598,41
588_RGB.jpg,11,3398,49
589_RGB.jpg,17,3952,48
58_RGB.jpg,10,2172,40
590_RGB.jpg,13,2571,41
591_RGB.jpg,15,2386,47
592_RGB.jpg,14,2583,45
593_RGB.jpg,15,2934,52
594_RGB.jpg,9,4154,44
595_RGB.jpg,9,3791,33
596_RGB.jpg,13,3072,51
597_RGB.jpg,11,2767,53
598_RGB.jpg,10,2747,40
599_RGB.jpg,14,2528,50
59_RGB.jpg,14,1432,43
5_RGB.jpg,18,2094,60
600_RGB.jpg,10,3406,75
601_RGB.jpg,10,2144,48
602_RGB.jpg,12,2039,47
603_RGB.jpg,8,2447,46
604_RGB.jpg,8,3170,28
605_RGB.jpg,15,2196,45
606_RGB.jpg,9,2579,48
607_RGB.jpg,9,3305,42
608_RGB.jpg,12,2412,32
609_RGB.jpg,14,3034,52
60_RGB.jpg,10,3074,53
610_RGB.jpg,15,3492,47
611_RGB.jpg,11,3383,44
612_RGB.jpg,15,2862,90
613_RGB.jpg,13,2954,45
614_RGB.jpg,11,3398,46
615_RGB.jpg,14,2648,51
616_RGB.jpg,14,2510,56
617_RGB.jpg,15,2631,49
618_RGB.jpg,12,2919,39
619_RGB.jpg,17,1815,57
61_RGB.jpg,10,2220,40
620_RGB.jpg,15,3084,53
621_RGB.jpg,11,3927,42
622_RGB.jpg,7,3198,55
623_RGB.jpg,14,3894,82
624_RGB.jpg,12,4071,46
625_RGB.jpg,14,3322,59
626_RGB.jpg,13,4027,76
627_RGB.jpg,13,3011,75
628_RGB.jpg,11,3263,43
629_RGB.jpg,17,2612,63
62_RGB.jpg,17,1905,51
630_RGB.jpg,14,2546,54
631_RGB.jpg,11,3529,48
632_RGB.jpg,15,2806,55
633_RGB.jpg,9,2860,49
634_RGB.jpg,12,2541,60
635_RGB.jpg,14,1628,58
636_RGB.jpg,12,2239,64
637_RGB.jpg,11,2166,61
63_RGB.jpg,12,3956,70
64_RGB.jpg,10,3743,55
65_RGB.jpg,18,2441,48
66_RGB.jpg,12,2521,43
67_RGB.jpg,7,2574,55
68_RGB.jpg,13,2777,44
69_RGB.jpg,13,2389,62
6_RGB.jpg,6,2605,32
70_RGB.jpg,16,2501,63
71_RGB.jpg,16,2079,54
72_RGB.jpg,11,2113,46
73_RGB.jpg,11,1973,52
74_RGB.jpg,11,2953,43
75_RGB.jpg,9,2875,65
76_RGB.jpg,14,2947,57
77_RGB.jpg,12,2795,75
78_RGB.jpg,11,3080,49
79_RGB.jpg,8,2937,67
7_RGB.jpg,8,3760,64
80_RGB.jpg,9,2460,42
81_RGB.jpg,16,2081,56
82_RGB.jpg,11,1598,44
83_RGB.jpg,10,2269,48
84_RGB.jpg,11,2368,39
85_RGB.jpg,7,3204,37
86_RGB.jpg,14,2600,63
87_RGB.jpg,6,3853,52
88_RGB.jpg,15,2177,49
89_RGB.jpg,9,3432,46
8_RGB.jpg,9,4355,43
90_RGB.jpg,15,2727,47
91_RGB.jpg,4,3685,33
92_RGB.jpg,17,2443,55
93_RGB.jpg,19,2122,67
94_RGB.jpg,13,3295,40
95_RGB.jpg,20,2219,62
96_RGB.jpg,20,1818,61
97_RGB.jpg,15,2253,52
98_RGB.jpg,13,2981,45
99_RGB.jpg,19,1591,55
9_RGB.jpg,26,1588,63
