epoch,accuracy,dice_coeff,iou_score,learning_rate,loss,precision,recall,val_accuracy,val_dice_coeff,val_iou_score,val_loss,val_precision,val_recall
0,0.8458259701728821,0.8156173825263977,0.826759934425354,4.999999873689376e-05,0.6149176955223083,0.9053192138671875,0.9059233069419861,0.7962824702262878,0.7917698621749878,0.7958151698112488,0.7148762345314026,0.7958151698112488,1.0
1,0.9037144780158997,0.8954336047172546,0.8927326202392578,4.999999873689376e-05,0.3800622522830963,0.9121936559677124,0.9766766428947449,0.7962824702262878,0.8746157288551331,0.7958151698112488,0.8853207230567932,0.7958151698112488,1.0
2,0.9092956781387329,0.9072970151901245,0.8983999490737915,4.999999873689376e-05,0.34301286935806274,0.9174581170082092,0.9774385094642639,0.7962824702262878,0.881030797958374,0.7958151698112488,1.0387096405029297,0.7958151698112488,1.0
3,0.9123854637145996,0.9130444526672363,0.9015359282493591,4.999999873689376e-05,0.3240048587322235,0.9204872846603394,0.9777097105979919,0.7962824702262878,0.8821011781692505,0.7958151698112488,1.0478105545043945,0.7958151698112488,1.0
4,0.9143901467323303,0.9166053533554077,0.9035864472389221,4.999999873689376e-05,0.31246674060821533,0.922413170337677,0.9779398441314697,0.7962828278541565,0.8825661540031433,0.7958154678344727,1.0253267288208008,0.7958154678344727,1.0
5,0.9158405661582947,0.9190098643302917,0.9050586223602295,4.999999873689376e-05,0.30490386486053467,0.9238940477371216,0.9780183434486389,0.7969732284545898,0.8842687606811523,0.7963501811027527,0.9175767302513123,0.7963590025901794,0.9999863505363464
6,0.9170045852661133,0.9209973216056824,0.9062954783439636,4.999999873689376e-05,0.29889461398124695,0.9247376322746277,0.9785126447677612,0.8207760453224182,0.8951968550682068,0.8155598640441895,0.6871147155761719,0.8155823945999146,0.9999662041664124
7,0.9182363152503967,0.9226607084274292,0.9076061248779297,4.999999873689376e-05,0.2935766279697418,0.9256618022918701,0.9789865612983704,0.8592525124549866,0.9097246527671814,0.8491073846817017,0.5160523653030396,0.8495899438858032,0.9993317723274231
8,0.9193105101585388,0.9239219427108765,0.9087095856666565,4.999999873689376e-05,0.2895182967185974,0.9267802238464355,0.9790180921554565,0.8847948312759399,0.9165141582489014,0.8728858232498169,0.3991645276546478,0.8757181763648987,0.9963083267211914
9,0.920163094997406,0.9250888228416443,0.9096136689186096,4.999999873689376e-05,0.285888671875,0.9273863434791565,0.9794063568115234,0.8979350924491882,0.9186939597129822,0.885010838508606,0.3517076075077057,0.8939011096954346,0.9888835549354553
10,0.9213743805885315,0.926863968372345,0.9108999967575073,4.999999873689376e-05,0.2810152769088745,0.9283612966537476,0.9798094034194946,0.9044684171676636,0.9160712361335754,0.8911588788032532,0.33104407787323,0.9034571647644043,0.9849460124969482
11,0.9227200746536255,0.9289392232894897,0.9123155474662781,4.999999873689376e-05,0.27532538771629333,0.9295408129692078,0.9801322817802429,0.9072041511535645,0.9173281788825989,0.8938066959381104,0.32390472292900085,0.9072129726409912,0.983722984790802
12,0.9239957332611084,0.9306824207305908,0.9136536121368408,4.999999873689376e-05,0.2703079879283905,0.9307317137718201,0.9803470969200134,0.9097750186920166,0.9116519689559937,0.8952773213386536,0.3272583484649658,0.9191630482673645,0.9717713594436646
13,0.9249647259712219,0.9320192337036133,0.9146822690963745,4.999999873689376e-05,0.26634857058525085,0.9316841959953308,0.9804769158363342,0.9098068475723267,0.9177412986755371,0.8962811827659607,0.3157268464565277,0.9114336967468262,0.9817742705345154
14,0.9259185194969177,0.9331452250480652,0.9156853556632996,4.999999873689376e-05,0.26264041662216187,0.9326026439666748,0.9806240797042847,0.9119560122489929,0.9167429208755493,0.897954523563385,0.3117349147796631,0.9179164171218872,0.9763308763504028
15,0.9267706274986267,0.9341474175453186,0.9165499210357666,4.999999873689376e-05,0.25931617617607117,0.9336774349212646,0.9804201722145081,0.9125989079475403,0.9213114976882935,0.8985910415649414,0.30943650007247925,0.9189760684967041,0.9758899211883545
16,0.9274936318397522,0.9349797964096069,0.9172998666763306,4.999999873689376e-05,0.2564745843410492,0.934410810470581,0.9804772138595581,0.9122722148895264,0.9219298362731934,0.8983213901519775,0.30660125613212585,0.9180077910423279,0.9766640663146973
17,0.9280601739883423,0.9357883334159851,0.9178871512413025,4.999999873689376e-05,0.2537083327770233,0.9351053237915039,0.9803797602653503,0.9130190014839172,0.9234817624092102,0.8988552689552307,0.32959961891174316,0.9207682013511658,0.974186897277832
18,0.9288588166236877,0.9366108179092407,0.918732225894928,4.999999873689376e-05,0.2507433593273163,0.9359931349754333,0.9803464412689209,0.9133697152137756,0.9183343052864075,0.8994032740592957,0.30313074588775635,0.9196457862854004,0.9760922193527222
19,0.9293245077133179,0.9372293949127197,0.9192052483558655,4.999999873689376e-05,0.24875417351722717,0.9366304874420166,0.9802016615867615,0.9137136936187744,0.922548770904541,0.9000400304794312,0.2983357906341553,0.9177601337432861,0.9789800643920898
20,0.9298096895217896,0.9378525614738464,0.919711709022522,4.999999873689376e-05,0.24647243320941925,0.9371585845947266,0.9802004098892212,0.9136033058166504,0.9235485792160034,0.8998944163322449,0.3010580241680145,0.9180526733398438,0.9784749746322632
21,0.93019700050354,0.9383267760276794,0.9201082587242126,4.999999873689376e-05,0.2450672686100006,0.9377292990684509,0.980021059513092,0.9143207669258118,0.9243597984313965,0.9005883932113647,0.2960648834705353,0.9191014766693115,0.9781074523925781
22,0.9305451512336731,0.9387872219085693,0.9204705953598022,2.499999936844688e-05,0.24327974021434784,0.9380676746368408,0.9800596833229065,0.9146726131439209,0.9262502193450928,0.9011686444282532,0.2944401502609253,0.9176993370056152,0.9803815484046936
23,0.9307951927185059,0.9390208125114441,0.9207317233085632,2.499999936844688e-05,0.2423655390739441,0.9384437799453735,0.979945957660675,0.9144430756568909,0.9248819351196289,0.9009018540382385,0.2955513894557953,0.9176731705665588,0.980100691318512
24,0.9310718774795532,0.9391624927520752,0.92100989818573,2.499999936844688e-05,0.24144865572452545,0.938815176486969,0.9798491597175598,0.9136625528335571,0.9239189028739929,0.8997028470039368,0.2988679111003876,0.9201245903968811,0.9759038686752319
25,0.931260883808136,0.939608097076416,0.9212235808372498,2.499999936844688e-05,0.2404138147830963,0.9390153884887695,0.9798654317855835,0.9148182272911072,0.9249204397201538,0.9008874893188477,0.2938419580459595,0.9214698672294617,0.9757858514785767
